PV (%),Wind (%),CSP (%),Other renewables (%),Hydraulic (%),Pumped hydropower (%),Thermal (%),Cogeneration (%),Combined cycle (%),Fuel & Gas (%),Nuclear (%),No renewable residues (%),Renewable residues (%)
15.44198193790096,48.68771972494854,14.435049057640455,0.9589096859786257,9.196929657246788,1.9967097482850418,0.29236632497984755,1.9548437738544289,5.693141962264636,0.4503852023588505,0.0,0.6563661375744899,0.23559678696730693
