month (MWh),Import & export (MWh)
1,0.098345996493439
2,0
3,0
4,0
5,0
6,0
7,0
8,0
9,0.017716441005251955
10,0.017052498016385333
11,0.024644843239269115
12,0.018713244030456225
