month (MWh),Import & export (MWh)
1,0.09746485975529857
2,0
3,0
4,0
5,0
6,0
7,0
8,0
9,0.01707579059371082
10,0.01502207891849877
11,0.02713162475939136
12,0.020584700382959422
