PV (%),Wind (%),CSP (%),Other renewables (%),Hydraulic (%),Pumping turbidity (%),Thermal (%),Cogeneration (%),Combined cycle (%),Fuel & Gas (%),Nuclear (%),No renewable residues (%),Renewable residues (%)
13.908666030886875,54.39027651011384,4.229545846640533,1.0520445653034751,8.714486509344626,1.5903802066156796,0.315773889418646,2.2189403269222536,12.13024081512229,0.4586956252588194,0.0,0.7072300396121602,0.2837196347607992
