PV (%),Wind (%),CSP (%),Other renewables (%),Hydraulic (%),Pumping turbidity (%),Thermal (%),Cogeneration (%),Combined cycle (%),Fuel & Gas (%),Nuclear (%),No renewable residues (%),Renewable residues (%)
18.088027490791738,52.44296859256931,11.410917983088265,1.0147484420122967,4.985064599586777,2.0101264508951155,0.3753422388601828,2.149739598622389,6.047926001254196,0.47959385037894187,0.0,0.7277220018998526,0.267822750040946
