PV (%),Wind (%),CSP (%),Other renewables (%),Hydraulic (%),Pumping turbidity (%),Thermal (%),Cogeneration (%),Combined cycle (%),Fuel & Gas (%),Nuclear (%),No renewable residues (%),Renewable residues (%)
13.351164730088247,59.52066797215631,3.734634350004491,0.9204688126095014,6.821784240869197,1.0445637676068353,0.20849425894729362,1.929674110910805,11.062339404785044,0.41643551454213384,0.0,0.739350632203546,0.2504222052766085
