PV (%),Wind (%),CSP (%),Other renewables (%),Hydraulic (%),Pumping turbidity (%),Thermal (%),Cogeneration (%),Combined cycle (%),Fuel & Gas (%),Nuclear (%),No renewable residues (%),Renewable residues (%)
24.624770938065186,34.174218530742415,23.848062461814255,1.0321598040147228,6.8444173570464955,3.51365085207936,0.5312296892295465,1.9217365417361076,2.031202026636827,0.5407759396086551,0.0,0.678394457882297,0.25938140114413855
