PV (%),Wind (%),CSP (%),Other renewables (%),Hydraulic (%),Pumping turbidity (%),Thermal (%),Cogeneration (%),Combined cycle (%),Fuel & Gas (%),Nuclear (%),No renewable residues (%),Renewable residues (%)
25.265354368316146,30.265027897325083,19.750859240744436,1.037956247967822,12.653243343149352,3.027305070585471,0.44258243289956484,2.0475277755296415,4.186500036944394,0.47380095529966854,0.0,0.6369521284230788,0.21289050281534133
