PV (%),Wind (%),CSP (%),Other renewables (%),Hydraulic (%),Pumping turbidity (%),Thermal (%),Cogeneration (%),Combined cycle (%),Fuel & Gas (%),Nuclear (%),No renewable residues (%),Renewable residues (%)
15.87810615687191,56.30744985869039,8.166543062765793,1.0271908670438523,8.137992424070783,2.0911223344479493,0.38416242563591585,1.919637737642622,4.670585508085259,0.4361344573668204,0.0,0.7324103777790572,0.24866478959965602
