PV (%),Wind (%),CSP (%),Other renewables (%),Hydraulic (%),Pumping turbidity (%),Thermal (%),Cogeneration (%),Combined cycle (%),Fuel & Gas (%),Nuclear (%),No renewable residues (%),Renewable residues (%)
23.964630822274337,36.981898747590904,16.659640893064676,0.9310068940576636,11.245817465929969,2.361034864057524,0.37929218853450464,1.9320546247255617,4.531288723793296,0.426280575506099,0.0,0.47336964627987504,0.1136845541856158
