month (MWh),Import & export (MWh)
1,0.06866307853210704
2,0
3,0
4,0
5,0
6,0
7,0
8,0
9,0.010448335249690067
10,0.011848824952117677
11,0.0131448665422808
12,0.008904255258595931
