month (MWh),Import & export (MWh)
1,0
2,0
3,0
4,0
5,0
6,0
7,0
8,0
9,0
10,0.0010169874217154575
11,0.07305415582040915
12,0.027536503595058784
