month (MWh),Import & export (MWh)
1,0.009886200179416391
2,0
3,0
4,0
5,0
6,0
7,0
8,0
9,0
10,0
11,0.00017604327355340865
12,0
