PV (%),Wind (%),CSP (%),Other renewables (%),Hydraulic (%),Pumping turbidity (%),Thermal (%),Cogeneration (%),Combined cycle (%),Fuel & Gas (%),Nuclear (%),No renewable residues (%),Renewable residues (%)
14.106864863931495,48.19693067963022,12.402592779769972,1.056067156371874,10.128769677165678,1.4711556367045941,0.27213838197078066,2.152910055652234,8.734214892367982,0.49601857910285446,0.0,0.722869661848981,0.25946763548330654
