PV (%),Wind (%),CSP (%),Other renewables (%),Hydraulic (%),Pumping turbidity (%),Thermal (%),Cogeneration (%),Combined cycle (%),Fuel & Gas (%),Nuclear (%),No renewable residues (%),Renewable residues (%)
19.233274685704888,27.39716725542947,29.050971091733192,1.1786405318917859,11.000083031962768,3.8811033778842368,0.5891644611105584,2.2164357729717805,3.8066861490253983,0.5867700010680686,0.0,0.7746816874320961,0.2850219537857389
