PV (%),Wind (%),CSP (%),Other renewables (%),Hydraulic (%),Pumping turbidity (%),Thermal (%),Cogeneration (%),Combined cycle (%),Fuel & Gas (%),Nuclear (%),No renewable residues (%),Renewable residues (%)
18.864966250502867,36.67935427362139,24.023039527740828,1.1529087744182678,7.645123164093916,1.837251641214248,0.18518053844354526,2.146554159995338,5.814098974115811,0.6040395327778223,0.0,0.7577575875044131,0.28972557557154804
