PV (%),Wind (%),CSP (%),Other renewables (%),Hydraulic (%),Pumping turbidity (%),Thermal (%),Cogeneration (%),Combined cycle (%),Fuel & Gas (%),Nuclear (%),No renewable residues (%),Renewable residues (%)
14.401500827888661,50.24594428410881,10.429621134858195,0.8230721284524749,16.32475818517016,1.865894297959652,0.47763848014095944,2.038041844259464,2.0695063135633047,0.4384794802471113,0.0,0.6169763274661624,0.268566695885049
