PV (%),Wind (%),CSP (%),Other renewables (%),Hydraulic (%),Pumping turbidity (%),Thermal (%),Cogeneration (%),Combined cycle (%),Fuel & Gas (%),Nuclear (%),No renewable residues (%),Renewable residues (%)
9.998444874052245,54.491332173718405,4.0148651104881985,1.1338007079321297,9.39170383025531,1.009436007406378,0.27206910992980093,2.3913778907245042,15.734670635213087,0.49434162942878745,0.0,0.762190068775109,0.30576796207606133
