PV (%),Wind (%),CSP (%),Other renewables (%),Hydraulic (%),Pumping turbidity (%),Thermal (%),Cogeneration (%),Combined cycle (%),Fuel & Gas (%),Nuclear (%),No renewable residues (%),Renewable residues (%)
18.130131368325863,38.62549137320448,16.752124336110462,1.0467003267285182,12.643301452490766,1.553373460343616,0.2517717918072769,2.1721452546326003,7.6857017889035335,0.479253183309531,0.0,0.5321938715889037,0.12781179255445974
