PV (%),Wind (%),CSP (%),Other renewables (%),Hydraulic (%),Pumping turbidity (%),Thermal (%),Cogeneration (%),Combined cycle (%),Fuel & Gas (%),Nuclear (%),No renewable residues (%),Renewable residues (%)
9.94886306875278,68.5343692068317,5.130517410685213,0.7153882027471059,11.603733411128957,0.504966393086853,0.07526212553370042,1.540920201027692,0.7926910346976993,0.35235457956903515,0.0,0.5974748315645568,0.2034595343747114
