PV (%),Wind (%),CSP (%),Other renewables (%),Hydraulic (%),Pumping turbidity (%),Thermal (%),Cogeneration (%),Combined cycle (%),Fuel & Gas (%),Nuclear (%),No renewable residues (%),Renewable residues (%)
8.99545168074793,57.83872150849514,2.7808105269811954,1.1223263966141253,8.272439847346917,1.1050775643154331,0.18915580170113233,2.367341555524607,15.79688325418203,0.48055266988119283,0.0,0.7750078746061391,0.27623131960414465
