PV (%),Wind (%),CSP (%),Other renewables (%),Hydraulic (%),Pumping turbidity (%),Thermal (%),Cogeneration (%),Combined cycle (%),Fuel & Gas (%),Nuclear (%),No renewable residues (%),Renewable residues (%)
9.519743230053646,59.76005285182233,3.594755326210313,0.9961504040008247,7.382676125965859,0.6744785843802431,0.2278442769872925,2.088333269786971,14.23413814174975,0.45067513463644737,0.0,0.8001405597652566,0.2710120946410608
