PV (%),Wind (%),CSP (%),Other renewables (%),Hydraulic (%),Pumping turbidity (%),Thermal (%),Cogeneration (%),Combined cycle (%),Fuel & Gas (%),Nuclear (%),No renewable residues (%),Renewable residues (%)
18.762175905049652,31.49827331775445,19.646724383010227,1.15742346663928,14.10961281184208,2.157138007697298,0.3275798726654756,2.2831951738173846,8.581884069020608,0.5283347397865904,0.0,0.71026437001183,0.2373938827051125
