month (MWh),Import & export (MWh)
1,0.08224684146781729
2,0.004534299394851823
3,0
4,0
5,0
6,0
7,0
8,0
9,0.008241532345524579
10,0.007199029973644025
11,0.014491008676150283
12,0.009445922785503878
