PV (%),Wind (%),CSP (%),Other renewables (%),Hydraulic (%),Pumping turbidity (%),Thermal (%),Cogeneration (%),Combined cycle (%),Fuel & Gas (%),Nuclear (%),No renewable residues (%),Renewable residues (%)
14.675492335710826,30.240228750013152,27.62423571125832,1.1909923506276827,7.897661471643049,0.9070696789805233,0.10783456343132466,4.434920856686944,10.59149496456761,1.2479850600115407,0.0,0.7827882919905924,0.2992959650784396
