PV (%),Wind (%),CSP (%),Other renewables (%),Hydraulic (%),Pumping turbidity (%),Thermal (%),Cogeneration (%),Combined cycle (%),Fuel & Gas (%),Nuclear (%),No renewable residues (%),Renewable residues (%)
23.217452156551253,17.495789541780773,31.556126096178364,1.1906623355640011,11.112280801350579,3.877140439412482,0.5931667598284301,4.4780855955095875,4.223274170112034,1.1855097818318405,0.0,0.7825832239080401,0.2879290979725959
