PV (%),Wind (%),CSP (%),Other renewables (%),Hydraulic (%),Pumping turbidity (%),Thermal (%),Cogeneration (%),Combined cycle (%),Fuel & Gas (%),Nuclear (%),No renewable residues (%),Renewable residues (%)
12.810756604506073,36.38848649218098,4.535885315358648,1.1970082604047645,9.915276102265077,1.0435210139572249,0.11281739198577795,5.049386667198846,26.77556644272218,1.043800748664961,0.0,0.8046809302017961,0.3228140305536709
