PV (%),Wind (%),CSP (%),Other renewables (%),Hydraulic (%),Pumping turbidity (%),Thermal (%),Cogeneration (%),Combined cycle (%),Fuel & Gas (%),Nuclear (%),No renewable residues (%),Renewable residues (%)
14.99587678447358,38.33453146047221,9.245857571611056,1.1878875014491597,9.411122896042,1.2272410922958459,0.27197793679901466,4.4399025517396105,18.742315751099575,1.0087291222678667,0.0,0.8469907215970767,0.287566610152995
