PV (%),Wind (%),CSP (%),Other renewables (%),Hydraulic (%),Pumping turbidity (%),Thermal (%),Cogeneration (%),Combined cycle (%),Fuel & Gas (%),Nuclear (%),No renewable residues (%),Renewable residues (%)
14.167552560686977,25.211539856900355,22.70138554836697,1.210426001548638,14.755742138896979,2.5198614009630225,0.21278706542675452,4.775501594111421,12.349090809027027,1.1050581312577281,0.0,0.7427899003397526,0.2482649924743662
