PV (%),Wind (%),CSP (%),Other renewables (%),Hydraulic (%),Pumping turbidity (%),Thermal (%),Cogeneration (%),Combined cycle (%),Fuel & Gas (%),Nuclear (%),No renewable residues (%),Renewable residues (%)
12.39820945349225,41.332868462743804,4.330975492902409,1.1033519454300404,8.1771688626024,1.1855394729593562,0.17806132129557156,4.626141929314168,24.48290761825529,0.9983498165758058,0.0,0.8862483413034348,0.3001772831254476
