month (MWh),Import & export (MWh)
1,0
2,0
3,0
4,0
5,0
6,0
7,0
8,0
9,0.007540236331223401
10,0
11,0.018773192900645944
12,0.004935843379118804
