month (MWh),Import & export (MWh)
1,0
2,0
3,0
4,0
5,0
6,0
7,0
8,0.0006394556427613097
9,0
10,0.003894050727452992
11,0.06756808158612461
12,0.03281701180707461
