PV (%),Wind (%),CSP (%),Other renewables (%),Hydraulic (%),Pumped hydropower (%),Batteries (%),Cogeneration (%),Combined cycle (%),Fuel & Gas (%),Nuclear (%),No renewable residues (%),Renewable residues (%)
24.956374582788275,21.38647641797788,9.030843647204962,1.249604213716675,15.233345557424766,2.0312643209968253,0.5500294921552753,6.71475758724884,10.56255594661444,0.6844955224630691,6.577120055219707,0.7668319981421405,0.2563006580471583
