month (MWh),Import & export (MWh)
1,0.05402995086170835
2,0
3,0
4,0
5,0
6,0
7,0
8,0
9,0.00879490638462509
10,0.004827085386696566
11,0.022745368177716115
12,0.019102113444676872
