month (MWh),Import & export (MWh)
1,0.008647561940474283
2,0
3,0
4,0
5,0
6,0
7,0
8,0
9,0
10,0
11,0.0001750933424089817
12,0
