PV (%),Wind (%),CSP (%),Other renewables (%),Hydraulic (%),Pumped hydropower (%),Batteries (%),Cogeneration (%),Combined cycle (%),Fuel & Gas (%),Nuclear (%),No renewable residues (%),Renewable residues (%)
15.99152278802549,37.66644774521975,11.65937352933859,1.12632747867045,10.80263839632042,1.581175427476112,0.49947687575521504,4.592287034316524,13.97502081079008,1.0580375541532114,0.0,0.770962299817061,0.2767300601171118
