PV (%),Wind (%),CSP (%),Other renewables (%),Hydraulic (%),Pumped hydropower (%),Batteries (%),Cogeneration (%),Combined cycle (%),Fuel & Gas (%),Nuclear (%),No renewable residues (%),Renewable residues (%)
15.64242572091903,43.88894961210566,7.178732262341428,1.1002166869385035,10.552209061456985,1.0364212256833776,0.34381906754144326,4.485827543096527,13.714484437965456,1.0335098757077885,0.0,0.753089668255707,0.2703148379880945
