PV (%),Wind (%),CSP (%),Other renewables (%),Hydraulic (%),Pumped hydropower (%),Batteries (%),Cogeneration (%),Combined cycle (%),Fuel & Gas (%),Nuclear (%),No renewable residues (%),Renewable residues (%)
14.104202241691974,37.22391857406375,15.676496323393163,1.1218416766858188,10.759614943838672,1.1863760738699745,0.3838796639480168,4.573997424338394,12.872329612612772,1.0538237290889085,0.0,0.7678918036424693,0.2756279328260812
