PV (%),Wind (%),CSP (%),Other renewables (%),Hydraulic (%),Pumped hydropower (%),Batteries (%),Cogeneration (%),Combined cycle (%),Fuel & Gas (%),Nuclear (%),No renewable residues (%),Renewable residues (%)
17.85413496780769,36.972658741499906,10.787233661177831,1.122955394872973,10.770296646166871,1.2950110411819031,0.5288423093106377,4.578538300493513,13.990903315767072,1.0548699218606086,0.0,0.768654134981424,0.27590156487956574
