PV (%),Wind (%),CSP (%),Other renewables (%),Hydraulic (%),Pumped hydropower (%),Batteries (%),Cogeneration (%),Combined cycle (%),Fuel & Gas (%),Nuclear (%),No renewable residues (%),Renewable residues (%)
9.82773362217861,39.76835210433993,16.480758374961816,1.1292839635908183,10.83099412600271,0.9237753190800085,0.2563452175307642,4.6043412793066105,14.06715877105106,1.060814785583035,0.0,0.7729859904902854,0.27745644588434415
