month (MWh),Import & export (MWh)
1,0.09227470749697414
2,0.004521258895489166
3,0
4,0
5,0
6,0
7,0
8,0
9,0.007934420287433288
10,0.007157062232619119
11,0.02074624257569347
12,0.013135894250622667
