month (MWh),Import & export (MWh)
1,0.08671716845500779
2,0.005325522418222557
3,0
4,0
5,0
6,0
7,0
8,0
9,0.009238162682368788
10,0.0070809334481865376
11,0.017535309057826923
12,0.010491431117225634
