month (MWh),Import & export (MWh)
1,0.09570409666661812
2,0.004978464945223659
3,0
4,0
5,0
6,0
7,0
8,0
9,0.007010062876785174
10,0.007503478453789169
11,0.021615032374571682
12,0.014229307894213079
