month (MWh),Import & export (MWh)
1,0.0686912949383434
2,0.0034539600823474937
3,0
4,0
5,0
6,0
7,0
8,0
9,0.01126412728161709
10,0.009479089882355336
11,0.010242481780278761
12,0.007051258839692921
