month (MWh),Import & export (MWh)
1,0.09103206342576385
2,0.004471450147274139
3,0
4,0
5,0
6,0
7,0
8,0
9,0.0083287562247272
10,0.00839633852907766
11,0.01866233746734767
12,0.01263531788559883
