PV (%),Wind (%),CSP (%),Other renewables (%),Hydraulic (%),Pumped hydropower (%),Batteries (%),Cogeneration (%),Combined cycle (%),Fuel & Gas (%),Nuclear (%),No renewable residues (%),Renewable residues (%)
13.651491821378327,57.79645776960522,5.104381313202517,0.8524432327095913,13.826792198276962,1.1587149965938857,0.4386988598408735,3.6722635136210258,1.7046595667341207,0.8397182836240799,0.0,0.7119398599609768,0.24243858445241726
