PV (%),Wind (%),CSP (%),Other renewables (%),Hydraulic (%),Pumped hydropower (%),Batteries (%),Cogeneration (%),Combined cycle (%),Fuel & Gas (%),Nuclear (%),No renewable residues (%),Renewable residues (%)
24.867757494292103,21.545490393159607,24.326289776663035,1.2036615057926463,11.233600192626056,1.7367334179065121,0.7992578111511208,4.52697552443045,7.479581442604511,1.198452698561004,0.0,0.7911271513019001,0.29107259151104997
