PV (%),Wind (%),CSP (%),Other renewables (%),Hydraulic (%),Pumped hydropower (%),Batteries (%),Cogeneration (%),Combined cycle (%),Fuel & Gas (%),Nuclear (%),No renewable residues (%),Renewable residues (%)
17.615176316220772,23.933296761950743,21.37617995869256,1.2833586624104734,7.719448265759111,0.2804435780375741,0.07149779099812156,4.830562303075846,20.565742943313136,1.2058842368931129,0.0,0.8081576687553529,0.3102515138931881
