PV (%),Wind (%),CSP (%),Other renewables (%),Hydraulic (%),Pumped hydropower (%),Batteries (%),Cogeneration (%),Combined cycle (%),Fuel & Gas (%),Nuclear (%),No renewable residues (%),Renewable residues (%)
11.176963366459237,43.51605215320582,2.452965086026056,1.1746958328881194,8.658444322268872,1.0006992278368096,0.25457389755360094,4.955610540190755,24.70375201953477,1.0059519592441408,0.0,0.811170906700433,0.2891206880913623
