PV (%),Wind (%),CSP (%),Other renewables (%),Hydraulic (%),Pumped hydropower (%),Batteries (%),Cogeneration (%),Combined cycle (%),Fuel & Gas (%),Nuclear (%),No renewable residues (%),Renewable residues (%)
7.007974325324684,44.062769837503154,5.188541324051314,1.1900774456626861,9.857865519519294,0.6118002107253097,0.13635225877075915,5.020150140844682,24.765745278689007,1.0377570229397992,0.0,0.8000217355761667,0.3209449003931535
