PV (%),Wind (%),CSP (%),Other renewables (%),Hydraulic (%),Pumped hydropower (%),Batteries (%),Cogeneration (%),Combined cycle (%),Fuel & Gas (%),Nuclear (%),No renewable residues (%),Renewable residues (%)
10.794505007476648,58.29796736863999,7.353402627176145,0.8525941939442676,13.829240818363052,1.2750514673879416,0.3792750565906462,3.6729138436521653,1.7506351678010488,0.8398669913667329,0.0,0.712065939113407,0.2424815184879492
