PV (%),Wind (%),CSP (%),Other renewables (%),Hydraulic (%),Pumped hydropower (%),Batteries (%),Cogeneration (%),Combined cycle (%),Fuel & Gas (%),Nuclear (%),No renewable residues (%),Renewable residues (%)
12.189194850058199,58.73532584315117,5.456044870894672,0.8502768948255763,13.791653783653949,1.4774799106517416,0.426009524030536,3.662931087408483,1.621545895597463,0.8375842840098972,0.0,0.7101305872368899,0.24182246848141373
