PV (%),Wind (%),CSP (%),Other renewables (%),Hydraulic (%),Pumped hydropower (%),Batteries (%),Cogeneration (%),Combined cycle (%),Fuel & Gas (%),Nuclear (%),No renewable residues (%),Renewable residues (%)
18.49863621515334,27.650512991462897,29.210560392210304,1.1753323536377482,7.793817517642613,0.8129547142862181,0.2679287794325973,4.376607428200427,7.914217665241312,1.2315756831814006,0.0,0.7724956462906699,0.2953606132604722
