PV (%),Wind (%),CSP (%),Other renewables (%),Hydraulic (%),Pumped hydropower (%),Batteries (%),Cogeneration (%),Combined cycle (%),Fuel & Gas (%),Nuclear (%),No renewable residues (%),Renewable residues (%)
9.530596959533332,47.16304651747416,4.689524882171915,1.0862537836393193,8.05045085863103,0.8618608769187879,0.22273419454336582,4.5544526342511835,21.690160359831705,0.9828788267812514,0.0,0.8725145389667214,0.29552556725723694
