PV (%),Wind (%),CSP (%),Other renewables (%),Hydraulic (%),Pumped hydropower (%),Batteries (%),Cogeneration (%),Combined cycle (%),Fuel & Gas (%),Nuclear (%),No renewable residues (%),Renewable residues (%)
10.824804343241471,58.43108550114844,7.370794890026221,0.8546107491469876,13.861949729261127,1.0636699525690239,0.3580494519596814,3.681601016955909,1.7547757688991659,0.8418534441986463,0.0,0.7137501169841899,0.2430550356091581
