PV (%),Wind (%),CSP (%),Other renewables (%),Hydraulic (%),Pumped hydropower (%),Batteries (%),Cogeneration (%),Combined cycle (%),Fuel & Gas (%),Nuclear (%),No renewable residues (%),Renewable residues (%)
17.89421046409389,29.908349542829622,20.772243399033716,1.1035639015456051,13.330167883808087,1.102636655313008,0.32557277118516004,4.580300647117039,9.27651459575603,1.0105786714603622,0.0,0.5611061067927243,0.13475536106479183
