PV (%),Wind (%),CSP (%),Other renewables (%),Hydraulic (%),Pumped hydropower (%),Batteries (%),Cogeneration (%),Combined cycle (%),Fuel & Gas (%),Nuclear (%),No renewable residues (%),Renewable residues (%)
12.44148651124761,25.63588778410514,25.2758002390866,1.1995069316453986,14.622632820621718,1.28236729461866,0.32689962625251384,4.7324225164458555,12.405791970492725,1.0950895689772513,0.0,0.736089304983363,0.24602543152319156
