PV (%),Wind (%),CSP (%),Other renewables (%),Hydraulic (%),Pumped hydropower (%),Batteries (%),Cogeneration (%),Combined cycle (%),Fuel & Gas (%),Nuclear (%),No renewable residues (%),Renewable residues (%)
14.624552090564432,39.87430673607879,13.636985965335613,0.9027949975841588,17.90597630131471,2.4248309513576567,0.8318364605854727,4.470893663533589,3.394604687576743,0.9619013149058456,0.0,0.6767367315809422,0.294580099582036
