PV (%),Wind (%),CSP (%),Other renewables (%),Hydraulic (%),Pumped hydropower (%),Batteries (%),Cogeneration (%),Combined cycle (%),Fuel & Gas (%),Nuclear (%),No renewable residues (%),Renewable residues (%)
14.703665908911985,40.07821952025149,13.67493098380086,0.9085218775915971,18.019562860797283,2.0399392786508903,0.7187765009454591,4.499254777192381,3.411646776607557,0.9680031358333031,0.0,0.6810296109929471,0.29644876842424267
