PV (%),Wind (%),CSP (%),Other renewables (%),Hydraulic (%),Pumped hydropower (%),Batteries (%),Cogeneration (%),Combined cycle (%),Fuel & Gas (%),Nuclear (%),No renewable residues (%),Renewable residues (%)
10.475151606284381,43.269999318323514,14.507445323233327,0.9225992432157912,18.29877239997981,1.5478834696933579,0.5208792362820057,4.568969834250601,3.912673204715556,0.9830021517123875,0.0,0.6915820292354938,0.3010421830737753
