PV (%),Wind (%),CSP (%),Other renewables (%),Hydraulic (%),Pumped hydropower (%),Batteries (%),Cogeneration (%),Combined cycle (%),Fuel & Gas (%),Nuclear (%),No renewable residues (%),Renewable residues (%)
18.033211961438,23.761896011153254,23.915161694439693,1.1803665814855195,14.389301686751471,1.4227097247943925,0.49906536459648876,4.656907968193084,10.097320335684127,1.0776153908348176,0.0,0.7243436395981724,0.2420996410309851
