PV (%),Wind (%),CSP (%),Other renewables (%),Hydraulic (%),Pumped hydropower (%),Batteries (%),Cogeneration (%),Combined cycle (%),Fuel & Gas (%),Nuclear (%),No renewable residues (%),Renewable residues (%)
22.000925890913418,23.670240518591203,14.667316184221928,1.2872650654954445,7.742945420064358,0.5991583861260749,0.14992177723509,4.845266005194034,22.705592438239695,1.209554816319654,0.0,0.8106176121077742,0.311195885491314
