PV (%),Wind (%),CSP (%),Other renewables (%),Hydraulic (%),Pumped hydropower (%),Batteries (%),Cogeneration (%),Combined cycle (%),Fuel & Gas (%),Nuclear (%),No renewable residues (%),Renewable residues (%)
13.163707467911129,41.521023625536515,13.523719829522452,1.1970388119123407,5.8805863192676,1.5776730131441652,0.42221681029877883,5.071841706803375,15.336309976262534,1.1314970865481115,0.0,0.8584506706206047,0.31593468217241655
