PV (%),Wind (%),CSP (%),Other renewables (%),Hydraulic (%),Pumped hydropower (%),Batteries (%),Cogeneration (%),Combined cycle (%),Fuel & Gas (%),Nuclear (%),No renewable residues (%),Renewable residues (%)
8.146482900320303,46.76217899184247,10.573456259610195,1.182941993371913,9.371941757894191,0.7248339224086939,0.22208048409808828,4.421417994990736,16.46030234271328,1.004529500657366,0.0,0.8434644622081183,0.28636938988464206
