PV (%),Wind (%),CSP (%),Other renewables (%),Hydraulic (%),Pumped hydropower (%),Batteries (%),Cogeneration (%),Combined cycle (%),Fuel & Gas (%),Nuclear (%),No renewable residues (%),Renewable residues (%)
13.131860306763215,41.59602130624794,13.558586100130313,1.2004302825364,5.89724729596741,1.4830040318112445,0.4407431353325993,5.086211334577618,15.293480702133575,1.1347028632464509,0.0,0.8608828475915103,0.3168297936617403
