PV (%),Wind (%),CSP (%),Other renewables (%),Hydraulic (%),Pumped hydropower (%),Batteries (%),Cogeneration (%),Combined cycle (%),Fuel & Gas (%),Nuclear (%),No renewable residues (%),Renewable residues (%)
19.068371135122543,20.748778771256937,34.474060391368106,1.170643794613347,10.925450629913577,3.132013445873022,0.3434202240133527,4.402795786470839,3.5163740943207666,1.1655778704862447,0.0,0.7694256948192602,0.28308816174199025
