PV (%),Wind (%),CSP (%),Other renewables (%),Hydraulic (%),Pumped hydropower (%),Batteries (%),Cogeneration (%),Combined cycle (%),Fuel & Gas (%),Nuclear (%),No renewable residues (%),Renewable residues (%)
13.31901245016447,22.80438207476448,37.52640681183613,1.213749037547181,11.327745679638403,2.035749559742984,0.27535284870404464,4.564914769920088,4.632920851454473,1.2084965768397904,0.0,0.7977573544131786,0.2935119849747538
