PV (%),Wind (%),CSP (%),Other renewables (%),Hydraulic (%),Pumped hydropower (%),Batteries (%),Cogeneration (%),Combined cycle (%),Fuel & Gas (%),Nuclear (%),No renewable residues (%),Renewable residues (%)
9.0260369006674,44.24517898474734,3.606806884412601,1.1788231114553256,8.688865654052085,0.6592646594549227,0.20227085405587672,4.973022013524805,25.30608712419506,1.009486358400746,0.0,0.8140209451562047,0.29013650987763834
