PV (%),Wind (%),CSP (%),Other renewables (%),Hydraulic (%),Pumped hydropower (%),Batteries (%),Cogeneration (%),Combined cycle (%),Fuel & Gas (%),Nuclear (%),No renewable residues (%),Renewable residues (%)
10.09178710440267,44.73633960402542,2.6472506815873333,1.174652260959931,8.658123162438667,0.8193882744667238,0.306781339659858,4.955426726219051,24.504085417188183,1.005914646379566,0.0,0.8111408186729575,0.2891099639996387
