PV (%),Wind (%),CSP (%),Other renewables (%),Hydraulic (%),Pumped hydropower (%),Batteries (%),Cogeneration (%),Combined cycle (%),Fuel & Gas (%),Nuclear (%),No renewable residues (%),Renewable residues (%)
21.12233829961225,28.10960113464527,21.797826372243428,1.1869000243094077,7.870524598869519,1.1948590332361206,0.33257293483775874,4.419682183380837,11.643632369822306,1.2436969030782004,0.0,0.7800985810724137,0.29826756489249506
