PV (%),Wind (%),CSP (%),Other renewables (%),Hydraulic (%),Pumped hydropower (%),Batteries (%),Cogeneration (%),Combined cycle (%),Fuel & Gas (%),Nuclear (%),No renewable residues (%),Renewable residues (%)
9.24844235222751,44.3121818160632,14.0956853550707,1.207348164973223,5.9312321629670794,1.1701892956831852,0.32786833220616995,5.115522334619286,16.265788611165124,1.141241969367699,0.0,0.8658439739627413,0.31865563169408634
