PV (%),Wind (%),CSP (%),Other renewables (%),Hydraulic (%),Pumped hydropower (%),Batteries (%),Cogeneration (%),Combined cycle (%),Fuel & Gas (%),Nuclear (%),No renewable residues (%),Renewable residues (%)
16.386041575078163,40.179930041982786,10.193277350184138,0.9140255292810243,18.128721924577306,2.7617475085074514,1.2395762324930197,4.526510401703374,3.712902566189368,0.9738671136034617,0.0,0.685155158061805,0.29824459833809325
