PV (%),Wind (%),CSP (%),Other renewables (%),Hydraulic (%),Pumped hydropower (%),Batteries (%),Cogeneration (%),Combined cycle (%),Fuel & Gas (%),Nuclear (%),No renewable residues (%),Renewable residues (%)
13.085996626401684,44.36995822734496,7.4531493097406205,1.1773927816833205,9.32797773511107,1.1994443223353324,0.5616498921719791,4.400677008065402,16.299403098451016,0.9998172266170351,0.0,0.8395077484564525,0.28502602362111695
