PV (%),Wind (%),CSP (%),Other renewables (%),Hydraulic (%),Pumped hydropower (%),Batteries (%),Cogeneration (%),Combined cycle (%),Fuel & Gas (%),Nuclear (%),No renewable residues (%),Renewable residues (%)
11.905953841984518,46.370806932917716,3.1982313030396132,1.0793109848717728,7.998996344832019,0.9932254844277422,0.33027343206986365,4.5253428179152735,21.460687538562183,0.9765967497841412,0.0,0.8669378560984609,0.2936367134966932
