PV (%),Wind (%),CSP (%),Other renewables (%),Hydraulic (%),Pumped hydropower (%),Batteries (%),Cogeneration (%),Combined cycle (%),Fuel & Gas (%),Nuclear (%),No renewable residues (%),Renewable residues (%)
14.882634942434015,41.9754361289462,9.99446693827165,1.197449471034416,5.882603727885537,1.6541300888475627,0.6289120510963642,5.073581665476304,16.404111484882762,1.131885260762321,0.0,0.8587451728499673,0.31604306751291084
