PV (%),Wind (%),CSP (%),Other renewables (%),Hydraulic (%),Pumped hydropower (%),Batteries (%),Cogeneration (%),Combined cycle (%),Fuel & Gas (%),Nuclear (%),No renewable residues (%),Renewable residues (%)
11.693088662943328,43.904997910166266,10.104881299879635,1.1793373991826057,9.343384105031824,1.0464307932208705,0.324224767674936,4.407945299201306,15.867850121696845,1.0014685549632023,0.0,0.8408943048239037,0.2854967812152759
