PV (%),Wind (%),CSP (%),Other renewables (%),Hydraulic (%),Pumped hydropower (%),Batteries (%),Cogeneration (%),Combined cycle (%),Fuel & Gas (%),Nuclear (%),No renewable residues (%),Renewable residues (%)
14.519695974084609,43.1761900381433,6.898706687812585,1.1743270028505346,9.303688885087617,1.2634455173223156,0.5419330068021011,4.38921821314909,16.6139752118555,0.9972138316092665,0.0,0.837321778638039,0.2842838526450375
