PV (%),Wind (%),CSP (%),Other renewables (%),Hydraulic (%),Pumped hydropower (%),Batteries (%),Cogeneration (%),Combined cycle (%),Fuel & Gas (%),Nuclear (%),No renewable residues (%),Renewable residues (%)
22.08902483683154,21.71267758494398,26.50825086276025,1.2128016362159706,11.318903718899804,2.7151777852117855,0.48745655338305455,4.561351589891847,7.096384615957991,1.2075532753579823,0.0,0.7971346586530391,0.2932828818927416
