PV (%),Wind (%),CSP (%),Other renewables (%),Hydraulic (%),Pumped hydropower (%),Batteries (%),Cogeneration (%),Combined cycle (%),Fuel & Gas (%),Nuclear (%),No renewable residues (%),Renewable residues (%)
17.575251034190238,23.929007223138626,21.428751966179995,1.2869953008094253,7.741322775827289,0.22220900152254694,0.12048754238126297,4.844250610853267,20.52084480253664,1.2093013369205825,0.0,0.8104477356685906,0.3111306699715347
