PV (%),Wind (%),CSP (%),Other renewables (%),Hydraulic (%),Pumped hydropower (%),Batteries (%),Cogeneration (%),Combined cycle (%),Fuel & Gas (%),Nuclear (%),No renewable residues (%),Renewable residues (%)
23.170966253385913,24.057471842223958,16.729981839382457,1.1956628372911293,14.575771248764688,1.48026543306226,0.7027055596025065,4.717256385932101,11.299371171236546,1.0915801039475241,0.0,0.7337303384222919,0.24523698674861433
