PV (%),Wind (%),CSP (%),Other renewables (%),Hydraulic (%),Pumped hydropower (%),Batteries (%),Cogeneration (%),Combined cycle (%),Fuel & Gas (%),Nuclear (%),No renewable residues (%),Renewable residues (%)
11.180871438667204,42.04397081371682,3.6638824904724783,1.189187582078698,9.8504944399533,1.1286784211973904,0.29551422026453417,5.016396394554663,23.473894695280492,1.0369810547983074,0.0,0.7994235306345615,0.3207049183815899
