PV (%),Wind (%),CSP (%),Other renewables (%),Hydraulic (%),Pumped hydropower (%),Batteries (%),Cogeneration (%),Combined cycle (%),Fuel & Gas (%),Nuclear (%),No renewable residues (%),Renewable residues (%)
18.546078959756702,20.613603015551615,34.86963481419135,1.1886587492106062,11.093581617288349,2.6079281570782333,0.9029385414759427,4.470550099575513,3.4548002620434755,1.183514865935245,0.0,0.7812663324426902,0.2874445854502695
