PV (%),Wind (%),CSP (%),Other renewables (%),Hydraulic (%),Pumped hydropower (%),Batteries (%),Cogeneration (%),Combined cycle (%),Fuel & Gas (%),Nuclear (%),No renewable residues (%),Renewable residues (%)
10.01450871088385,41.60670717916196,4.97758664070752,1.1926459920497954,9.879141769192834,0.8643597178414053,0.21427783219524596,5.030985140326444,24.056404181402613,1.039996815872338,0.0,0.8017484239912881,0.32163759637472206
