PV (%),Wind (%),CSP (%),Other renewables (%),Hydraulic (%),Pumped hydropower (%),Batteries (%),Cogeneration (%),Combined cycle (%),Fuel & Gas (%),Nuclear (%),No renewable residues (%),Renewable residues (%)
6.593398171590301,49.81978905492154,4.858521564367828,1.0834444338031843,8.029630187494002,0.6580214701304334,0.21949224763661274,4.54267357216235,22.049673230438913,0.9803368329004961,0.0,0.870257977365749,0.2947612571885841
