PV (%),Wind (%),CSP (%),Other renewables (%),Hydraulic (%),Pumped hydropower (%),Batteries (%),Cogeneration (%),Combined cycle (%),Fuel & Gas (%),Nuclear (%),No renewable residues (%),Renewable residues (%)
18.596401803381504,27.663703691195565,29.060786759812448,1.169636762798704,7.756049140453578,0.965087856591872,0.21510087040383116,4.3553986483204215,7.929545435050905,1.2256075405049849,0.0,0.7687521782302554,0.2939293132559295
