PV (%),Wind (%),CSP (%),Other renewables (%),Hydraulic (%),Pumped hydropower (%),Batteries (%),Cogeneration (%),Combined cycle (%),Fuel & Gas (%),Nuclear (%),No renewable residues (%),Renewable residues (%)
6.227841910762797,46.7265887213489,3.7683350053901736,1.177184736125191,8.676789522360982,0.5422300444016435,0.24002689355768717,4.966110309381919,25.564186669625517,1.0080833340371762,0.0,0.8128895864122196,0.28973326659581294
