PV (%),Wind (%),CSP (%),Other renewables (%),Hydraulic (%),Pumped hydropower (%),Batteries (%),Cogeneration (%),Combined cycle (%),Fuel & Gas (%),Nuclear (%),No renewable residues (%),Renewable residues (%)
12.530313560923037,32.183171630609365,21.944305008718285,1.1193671464016592,13.521058421950091,0.7579204122706051,0.26699379033296083,4.645891423092365,11.30010191919692,1.0250503501452364,0.0,0.5691412529074654,0.13668508345204128
