PV (%),Wind (%),CSP (%),Other renewables (%),Hydraulic (%),Pumped hydropower (%),Batteries (%),Cogeneration (%),Combined cycle (%),Fuel & Gas (%),Nuclear (%),No renewable residues (%),Renewable residues (%)
20.35206269061789,29.7491891977364,15.586121854209496,1.119408012320449,13.521552049512056,2.144548368252231,0.5349725484652879,4.646061035557955,10.61514436588,1.0250877727411194,0.0,0.5691620311483634,0.13669007355876192
