PV (%),Wind (%),CSP (%),Other renewables (%),Hydraulic (%),Pumped hydropower (%),Batteries (%),Cogeneration (%),Combined cycle (%),Fuel & Gas (%),Nuclear (%),No renewable residues (%),Renewable residues (%)
18.468406546604534,39.64725392938921,9.4170489606403,0.9066697524299185,17.982827932778374,2.0968268194388466,1.162990038115144,4.490082534688182,3.8863780559677803,0.96602975136268,0.0,0.6796412546864243,0.2958444238986021
