PV (%),Wind (%),CSP (%),Other renewables (%),Hydraulic (%),Pumped hydropower (%),Batteries (%),Cogeneration (%),Combined cycle (%),Fuel & Gas (%),Nuclear (%),No renewable residues (%),Renewable residues (%)
17.89995118440842,23.543282884646995,23.65295734170878,1.166089135746505,14.215251965861924,2.2741506420670405,0.5931932771634595,4.600579068450952,10.035210297326595,1.0645808001309636,0.0,0.7155821436587094,0.2391712588296654
