PV (%),Wind (%),CSP (%),Other renewables (%),Hydraulic (%),Pumped hydropower (%),Batteries (%),Cogeneration (%),Combined cycle (%),Fuel & Gas (%),Nuclear (%),No renewable residues (%),Renewable residues (%)
20.65241723800135,23.691735139884365,18.0835811786262,1.2042275121663124,14.68017922893035,2.4365202971412248,0.6650367340335713,4.751046653546275,11.749877011462676,1.0993992218450999,0.0,0.7389861359587296,0.2469936484038599
