PV (%),Wind (%),CSP (%),Other renewables (%),Hydraulic (%),Pumped hydropower (%),Batteries (%),Cogeneration (%),Combined cycle (%),Fuel & Gas (%),Nuclear (%),No renewable residues (%),Renewable residues (%)
12.815494636630717,29.735725635999053,30.817617841103093,1.1864601920535434,7.8676080005729,0.5230292392621632,0.17912879409869356,4.418044371648503,10.13568873180174,1.2432360234731041,0.0,0.7798094981575242,0.29815703519898173
