PV (%),Wind (%),CSP (%),Other renewables (%),Hydraulic (%),Pumped hydropower (%),Batteries (%),Cogeneration (%),Combined cycle (%),Fuel & Gas (%),Nuclear (%),No renewable residues (%),Renewable residues (%)
11.699261988403334,43.92817739064691,10.110216138135353,1.1799600264146186,9.348316913392672,1.0164718557583294,0.30211270485431524,4.4102724591662215,15.876227485851507,1.0019972769343335,0.0,0.8413382521572034,0.285647508285205
