PV (%),Wind (%),CSP (%),Other renewables (%),Hydraulic (%),Pumped hydropower (%),Batteries (%),Cogeneration (%),Combined cycle (%),Fuel & Gas (%),Nuclear (%),No renewable residues (%),Renewable residues (%)
17.816087627000503,29.796669859736173,20.586936722470718,1.0960731106087112,13.239685130039634,1.5841446283809455,0.385669557177793,4.549210399848511,9.250665830546493,1.0037190473438147,0.0,0.557297420650026,0.1338406661966938
