PV (%),Wind (%),CSP (%),Other renewables (%),Hydraulic (%),Pumped hydropower (%),Batteries (%),Cogeneration (%),Combined cycle (%),Fuel & Gas (%),Nuclear (%),No renewable residues (%),Renewable residues (%)
22.61263816878177,29.863708359631957,14.348181887741305,1.1130462299041517,13.444706814242283,1.4533324179492004,0.571754242227186,4.619656695875066,10.251872526189077,1.0192620279760203,0.0,0.565927388406904,0.13591324107509414
