PV (%),Wind (%),CSP (%),Other renewables (%),Hydraulic (%),Pumped hydropower (%),Batteries (%),Cogeneration (%),Combined cycle (%),Fuel & Gas (%),Nuclear (%),No renewable residues (%),Renewable residues (%)
12.036682154321053,25.303063085563675,22.516740012793065,1.2910410997761403,7.765658401348029,0.2776465520731168,0.06639224450049028,4.8594789991026826,23.54509035342598,1.2131028971098725,0.0,0.8129954595099149,0.3121087404759822
