PV (%),Wind (%),CSP (%),Other renewables (%),Hydraulic (%),Pumped hydropower (%),Batteries (%),Cogeneration (%),Combined cycle (%),Fuel & Gas (%),Nuclear (%),No renewable residues (%),Renewable residues (%)
10.663649870889078,47.61565988709829,3.4411522261280667,1.0788181982130134,7.995344201253895,0.9151693974042981,0.36949827667373814,4.523276658487418,21.261235743954874,0.9761508599006629,0.0,0.8665420337493448,0.29350264624734496
