PV (%),Wind (%),CSP (%),Other renewables (%),Hydraulic (%),Pumped hydropower (%),Batteries (%),Cogeneration (%),Combined cycle (%),Fuel & Gas (%),Nuclear (%),No renewable residues (%),Renewable residues (%)
12.342045368263948,40.886115361001885,3.403160769658245,1.1895719160281286,9.853678024687119,1.2921793697664652,0.34785174675226666,5.018017645455096,23.509573137599485,1.037316197067098,0.0,0.7996818966042595,0.3208085671160208
