PV (%),Wind (%),CSP (%),Other renewables (%),Hydraulic (%),Pumped hydropower (%),Batteries (%),Cogeneration (%),Combined cycle (%),Fuel & Gas (%),Nuclear (%),No renewable residues (%),Renewable residues (%)
7.460556457413793,61.804903838390025,7.601661400575605,0.8535973614067003,13.845512386381769,0.9170279939358467,0.28558260406391406,3.677235416196807,1.7573967738218488,0.8408551839259768,0.0,0.7129037601850243,0.24276682370268804
