PV (%),Wind (%),CSP (%),Other renewables (%),Hydraulic (%),Pumped hydropower (%),Batteries (%),Cogeneration (%),Combined cycle (%),Fuel & Gas (%),Nuclear (%),No renewable residues (%),Renewable residues (%)
23.460859726821056,27.637405158216144,20.1186495088716,1.1820101349101613,7.838098957270165,0.9747316706652283,0.446181197927513,4.401473609268517,11.628093615412709,1.2385730171756988,0.0,0.7768846660805653,0.2970387373806282
