PV (%),Wind (%),CSP (%),Other renewables (%),Hydraulic (%),Pumped hydropower (%),Batteries (%),Cogeneration (%),Combined cycle (%),Fuel & Gas (%),Nuclear (%),No renewable residues (%),Renewable residues (%)
16.62085628446203,41.01052064855984,9.281678793234635,1.1929962903608002,5.860726982465182,1.493534605915411,0.5914454648069098,5.054713582634201,16.595432107234288,1.12767590605475,0.0,0.8555515955844541,0.31486773868750084
