PV (%),Wind (%),CSP (%),Other renewables (%),Hydraulic (%),Pumped hydropower (%),Batteries (%),Cogeneration (%),Combined cycle (%),Fuel & Gas (%),Nuclear (%),No renewable residues (%),Renewable residues (%)
19.85894528907534,24.211196470371153,15.859849166732698,1.2891377598453788,7.754209743573692,0.49205523255491673,0.15616384519230808,4.8523148271616865,23.19136771112168,1.2113144589380807,0.0,0.8117968867287064,0.3116486087043518
