month (MWh),Import & export (MWh)
1,0.03940823902032502
2,0.030240115391929914
3,0
4,0
5,0
6,0
7,0
8,0
9,0
10,0
11,0.0013128534909917688
12,0.084362694299749
