month (MWh),Import & export (MWh)
1,0.0003081156752323077
2,0.003525688147350091
3,0
4,0
5,0
6,0
7,0
8,0.003736605822891954
9,0
10,0
11,0.09167070840712727
12,0.021529363796387615
