month (MWh),Import & export (MWh)
1,0.03047074175709854
2,0
3,0
4,0
5,0
6,0
7,0
8,0
9,0
10,0.027776658973072556
11,0.07207880058782029
12,0.21028328551926787
