PV (%),Wind (%),CSP (%),Other renewables (%),Hydraulic (%),Pumping turbidity (%),Thermal (%),Cogeneration (%),Combined cycle (%),Fuel & Gas (%),Nuclear (%),No renewable residues (%),Renewable residues (%)
2.7483668289976886,54.679506075371805,5.945387604433563,0.9868400932183606,16.006734968716717,1.7767065764148418,0.2751390708544673,5.1014825091661,2.9134632704379495,1.1665307025614804,7.294995810452212,0.8241848498656653,0.2806616395091466
