PV (%),Wind (%),CSP (%),Other renewables (%),Hydraulic (%),Pumping turbidity (%),Thermal (%),Cogeneration (%),Combined cycle (%),Fuel & Gas (%),Nuclear (%),No renewable residues (%),Renewable residues (%)
4.519149624729469,21.98347625185484,19.668313995148548,1.3240577137299159,16.14097365375462,1.126516152207403,0.07132042609875687,6.268576234670708,19.39396971202885,1.4505578111571658,6.968995820956694,0.8125211255931579,0.27157147806988463
