PV (%),Wind (%),CSP (%),Other renewables (%),Hydraulic (%),Pumping turbidity (%),Thermal (%),Cogeneration (%),Combined cycle (%),Fuel & Gas (%),Nuclear (%),No renewable residues (%),Renewable residues (%)
2.4948368708283954,36.896348147561156,3.8325704087744774,1.2565754822660014,10.408694126965528,0.3361618878230685,0.04729642958491394,6.360793685086903,27.848213476670615,1.314892609379087,8.020013911798191,0.8447246033178265,0.3388783599438526
