PV (%),Wind (%),CSP (%),Other renewables (%),Hydraulic (%),Pumping turbidity (%),Thermal (%),Cogeneration (%),Combined cycle (%),Fuel & Gas (%),Nuclear (%),No renewable residues (%),Renewable residues (%)
4.3234577152416565,26.429505301262676,16.725580653389418,1.2659314275620168,15.291437528135887,2.299060836057579,0.19505558022335368,6.3050411802131485,17.742132719282786,1.3911183195830643,7.23343506674588,0.6436617343055822,0.1545819379969428
