PV (%),Wind (%),CSP (%),Other renewables (%),Hydraulic (%),Pumping turbidity (%),Thermal (%),Cogeneration (%),Combined cycle (%),Fuel & Gas (%),Nuclear (%),No renewable residues (%),Renewable residues (%)
3.9549178809072623,37.77926681877295,12.085810250367178,1.0347044724733903,20.522260106171817,1.2317011750959912,0.3024166365329804,6.148975590680421,7.092085666037105,1.3229363413946031,7.411686871188179,0.7756163079409955,0.3376218824371316
