PV (%),Wind (%),CSP (%),Other renewables (%),Hydraulic (%),Pumping turbidity (%),Thermal (%),Cogeneration (%),Combined cycle (%),Fuel & Gas (%),Nuclear (%),No renewable residues (%),Renewable residues (%)
4.386656860584929,38.22902169970634,2.657781251224626,1.2545550089690019,10.391957775797637,0.4473107471212923,0.08810423003472956,6.350566035439257,25.692449832199838,1.3127783667862891,8.007118368172646,0.8433663534327943,0.33833347053063345
