month (MWh),Import & export (MWh)
1,0.006035452287911143
2,0
3,0
4,0
5,0
6,0
7,0
8,0
9,0
10,0
11,0.008425123109356919
12,0.04070409412589515
