month (MWh),Import & export (MWh)
1,0.0036022988993584222
2,0
3,0
4,0
5,0
6,0
7,0
8,0
9,0
10,0.0016751329604536185
11,0.0038826199589718346
12,0.030488691258430393
