month (MWh),Import & export (MWh)
1,0.007422672340010937
2,0.002870334842269203
3,0
4,0
5,0
6,0
7,0
8,0
9,0
10,0
11,0.005361901011738464
12,0.01788378739907466
