month (MWh),Import & export (MWh)
1,0.04335308097050703
2,0
3,0
4,0
5,0
6,0
7,0
8,0
9,0.007941115331266185
10,0.005583832567470144
11,0.008683829597844892
12,0.006265364378418024
