PV (%),Wind (%),CSP (%),Other renewables (%),Hydraulic (%),Pumped hydropower (%),Batteries (%),Cogeneration (%),Combined cycle (%),Fuel & Gas (%),Nuclear (%),No renewable residues (%),Renewable residues (%)
25.909191678549163,34.4759512612573,17.48581712014117,1.2147563888841926,7.306803136294748,1.980934022644938,0.7375346879679269,1.3717029988817817,8.11625736487659,0.34242701372411555,0.0,0.7649573888428122,0.2936669379352352
