PV (%),Wind (%),CSP (%),Other renewables (%),Hydraulic (%),Pumped hydropower (%),Batteries (%),Cogeneration (%),Combined cycle (%),Fuel & Gas (%),Nuclear (%),No renewable residues (%),Renewable residues (%)
13.61142158631224,62.607595360768215,3.4548222131257345,0.9215226966424719,6.829594792828518,1.0042476621013723,0.3847348088816549,1.1591300863001137,8.785877336787552,0.2501473856027535,0.0,0.7401971463008971,0.2507089243484846
