PV (%),Wind (%),CSP (%),Other renewables (%),Hydraulic (%),Pumped hydropower (%),Batteries (%),Cogeneration (%),Combined cycle (%),Fuel & Gas (%),Nuclear (%),No renewable residues (%),Renewable residues (%)
8.980223776436567,35.932446678894244,5.638508964606013,1.209033552701687,11.595874668948172,0.6672069752919639,0.13806936448432017,5.915397658250847,19.35423842744075,1.3628749299445353,8.081500735141526,0.827573956951832,0.2970503109075226
