PV (%),Wind (%),CSP (%),Other renewables (%),Hydraulic (%),Pumped hydropower (%),Batteries (%),Cogeneration (%),Combined cycle (%),Fuel & Gas (%),Nuclear (%),No renewable residues (%),Renewable residues (%)
9.743674561969538,33.110424927671914,7.509516268898268,1.2163623049689731,11.666164937221799,0.601891866833635,0.10575820148835102,5.951254797122576,19.461886499767747,1.3711362165817333,8.130488057869995,0.8325904302331605,0.29885092937232605
