PV (%),Wind (%),CSP (%),Other renewables (%),Hydraulic (%),Pumped hydropower (%),Batteries (%),Cogeneration (%),Combined cycle (%),Fuel & Gas (%),Nuclear (%),No renewable residues (%),Renewable residues (%)
10.328197936726704,36.92981287614877,3.619414096401618,1.2016765003130365,11.52531297341785,0.6539018920329787,0.1078054880240784,5.879402056330451,19.24978933973878,1.354581742186119,8.032324246900572,0.8225381124600293,0.2952427393190187
