PV (%),Wind (%),CSP (%),Other renewables (%),Hydraulic (%),Pumped hydropower (%),Batteries (%),Cogeneration (%),Combined cycle (%),Fuel & Gas (%),Nuclear (%),No renewable residues (%),Renewable residues (%)
5.85357992644553,31.67946989449009,12.816611045462489,1.224901388129023,11.748063522989248,0.2650658015328569,0.08350662122372501,5.993033681104492,19.628056442572266,1.3807618405667235,8.187565553098453,0.8384353654905088,0.30094891689458286
