PV (%),Wind (%),CSP (%),Other renewables (%),Hydraulic (%),Pumped hydropower (%),Batteries (%),Cogeneration (%),Combined cycle (%),Fuel & Gas (%),Nuclear (%),No renewable residues (%),Renewable residues (%)
11.624776514061763,26.76148997145852,10.428614878453898,1.2633662791822027,8.377584610356106,0.26420776927344514,0.0795668784495158,5.6453052363205325,23.685651360267794,1.5885867689183575,9.133009647723764,0.8303565772847709,0.3174835082493316
