PV (%),Wind (%),CSP (%),Other renewables (%),Hydraulic (%),Pumped hydropower (%),Batteries (%),Cogeneration (%),Combined cycle (%),Fuel & Gas (%),Nuclear (%),No renewable residues (%),Renewable residues (%)
11.512929687449873,20.6568115095245,9.994526725097641,1.3575460347958794,8.165687964664558,0.023030562439646483,0.0,6.131764307936824,29.948436652713774,1.530711635491498,9.495493632613167,0.8548750016991022,0.328186285573537
