PV (%),Wind (%),CSP (%),Other renewables (%),Hydraulic (%),Pumped hydropower (%),Batteries (%),Cogeneration (%),Combined cycle (%),Fuel & Gas (%),Nuclear (%),No renewable residues (%),Renewable residues (%)
7.559915950638335,53.55223442706055,3.672125668924659,0.9695062349782713,15.725576474304978,1.1705695795578626,0.23029607679569467,5.01187490684444,2.709561136647255,1.1460405765827437,7.166859120314264,0.8097080329534043,0.27573181439754546
