PV (%),Wind (%),CSP (%),Other renewables (%),Hydraulic (%),Pumped hydropower (%),Batteries (%),Cogeneration (%),Combined cycle (%),Fuel & Gas (%),Nuclear (%),No renewable residues (%),Renewable residues (%)
3.5580465411383773,36.22223184936145,2.861953485858157,1.2487291678067487,9.204128992664641,0.346253590150589,0.031929200122116426,6.321516007028662,30.46465609723272,1.2832205761712039,7.287698771419943,0.8622936618262027,0.30734205921919455
