PV (%),Wind (%),CSP (%),Other renewables (%),Hydraulic (%),Pumped hydropower (%),Batteries (%),Cogeneration (%),Combined cycle (%),Fuel & Gas (%),Nuclear (%),No renewable residues (%),Renewable residues (%)
12.93364096116996,22.098084157568792,11.800519787739812,1.3153110471425757,16.034347097011313,0.660768638101232,0.13462913428875897,6.227166297827749,19.354667309295845,1.4409754905314942,6.922958943362619,0.8071536470406456,0.2697774889192025
