PV (%),Wind (%),CSP (%),Other renewables (%),Hydraulic (%),Pumped hydropower (%),Batteries (%),Cogeneration (%),Combined cycle (%),Fuel & Gas (%),Nuclear (%),No renewable residues (%),Renewable residues (%)
11.031621374864534,40.64327096569936,3.3377565591672034,0.9969037250353779,19.772522580367756,1.45319079915793,0.32829794778058546,5.924335725395804,7.0240097832337,1.2746056500252263,7.140916510219607,0.7472808006099056,0.3252875784430213
