PV (%),Wind (%),CSP (%),Other renewables (%),Hydraulic (%),Pumped hydropower (%),Batteries (%),Cogeneration (%),Combined cycle (%),Fuel & Gas (%),Nuclear (%),No renewable residues (%),Renewable residues (%)
7.633814623473379,20.83433518010722,20.00222517779668,1.3179203668597974,16.066156103803966,0.1532316777314962,0.12774221240388559,6.239519777134898,18.165460481077993,1.4438341039124472,6.936692739115095,0.8087548819201261,0.2703126746630071
