PV (%),Wind (%),CSP (%),Other renewables (%),Hydraulic (%),Pumped hydropower (%),Batteries (%),Cogeneration (%),Combined cycle (%),Fuel & Gas (%),Nuclear (%),No renewable residues (%),Renewable residues (%)
6.624764778486825,44.71485501632077,1.0276189723293694,1.122568953777342,8.31959007547177,0.6913210110376108,0.11371551022904183,5.648058167251384,20.677328726443385,1.2188856116917377,8.634203655375112,0.901684070440589,0.30540545114507595
