PV (%),Wind (%),CSP (%),Other renewables (%),Hydraulic (%),Pumped hydropower (%),Batteries (%),Cogeneration (%),Combined cycle (%),Fuel & Gas (%),Nuclear (%),No renewable residues (%),Renewable residues (%)
4.75076793339684,36.63149815345736,8.07967828820737,1.2583519709391149,9.969382648220016,0.16275138056502347,0.0,5.643928523477187,22.454362852839843,1.282279284125069,8.565140663536193,0.8972334859897001,0.3046248152462681
