PV (%),Wind (%),CSP (%),Other renewables (%),Hydraulic (%),Pumped hydropower (%),Batteries (%),Cogeneration (%),Combined cycle (%),Fuel & Gas (%),Nuclear (%),No renewable residues (%),Renewable residues (%)
8.226807295155492,18.865703878949258,28.853219427799452,1.2850733355853816,11.993405123198672,0.0,0.0,5.799798872985217,14.368405513049057,1.5354146654713134,7.9167756019122635,0.8446364715520216,0.3107598143418766
