PV (%),Wind (%),CSP (%),Other renewables (%),Hydraulic (%),Pumped hydropower (%),Batteries (%),Cogeneration (%),Combined cycle (%),Fuel & Gas (%),Nuclear (%),No renewable residues (%),Renewable residues (%)
8.226702964889297,42.50660902883813,2.285673251900916,1.2442409993728072,9.857587476176311,0.8675587138038546,0.15472588528552625,5.580638349697253,18.350890041594223,1.2678999952327488,8.469092451942116,0.8871720433237894,0.3012087979429982
