PV (%),Wind (%),CSP (%),Other renewables (%),Hydraulic (%),Pumped hydropower (%),Batteries (%),Cogeneration (%),Combined cycle (%),Fuel & Gas (%),Nuclear (%),No renewable residues (%),Renewable residues (%)
7.190689239360384,41.48247882609785,3.55182059111117,1.250554148321749,9.907603846032067,0.7181662888342476,0.18472312817344672,5.608953926140703,19.124202513881883,1.2743331874570059,8.512063742984944,0.891673461662892,0.30273709994164993
