PV (%),Wind (%),CSP (%),Other renewables (%),Hydraulic (%),Pumped hydropower (%),Batteries (%),Cogeneration (%),Combined cycle (%),Fuel & Gas (%),Nuclear (%),No renewable residues (%),Renewable residues (%)
4.701491841618652,52.40264666594669,6.331458770107994,0.9999202079626475,16.218896930427647,0.6380177767154822,0.21062726005557852,5.1691003299705285,3.6346693096362412,1.1819925342676445,7.391687648284436,0.8351090436442011,0.28438168136225656
