PV (%),Wind (%),CSP (%),Other renewables (%),Hydraulic (%),Pumped hydropower (%),Batteries (%),Cogeneration (%),Combined cycle (%),Fuel & Gas (%),Nuclear (%),No renewable residues (%),Renewable residues (%)
7.851847064965511,57.90256754044516,1.7575636023045969,0.9198717354596395,14.920495403360045,0.8834496534123089,0.098242304575212,4.7552887254705904,1.9934885047684328,1.0873682871280983,6.79994712663811,0.7682545058672595,0.2616155456050161
