PV (%),Wind (%),CSP (%),Other renewables (%),Hydraulic (%),Pumped hydropower (%),Batteries (%),Cogeneration (%),Combined cycle (%),Fuel & Gas (%),Nuclear (%),No renewable residues (%),Renewable residues (%)
11.728938383393116,29.82306394875658,7.5974124068544455,1.2485253891761259,15.081186528124949,1.0317316497965923,0.14136035933478916,6.218349447613724,17.836194426677224,1.3719910127299504,7.133978298636328,0.6348116492133521,0.15245649969281444
