PV (%),Wind (%),CSP (%),Other renewables (%),Hydraulic (%),Pumped hydropower (%),Batteries (%),Cogeneration (%),Combined cycle (%),Fuel & Gas (%),Nuclear (%),No renewable residues (%),Renewable residues (%)
3.9907607034543813,34.22540101939214,3.945687254013585,1.257269607100241,10.414443827789313,0.16817051962587262,0.031410892669568743,6.36430734974502,29.07822897959582,1.315618948248028,8.024444119856275,0.8451912241723085,0.339065554337459
