PV (%),Wind (%),CSP (%),Other renewables (%),Hydraulic (%),Pumped hydropower (%),Batteries (%),Cogeneration (%),Combined cycle (%),Fuel & Gas (%),Nuclear (%),No renewable residues (%),Renewable residues (%)
9.708855117758002,39.73827761197161,5.227608938280541,1.008770207312541,20.0078816053994,1.3701214785244693,0.39358952042731277,5.994855097652016,6.949009932003706,1.2897777122580758,7.225917255109206,0.7561759367738186,0.3291595865292971
