PV (%),Wind (%),CSP (%),Other renewables (%),Hydraulic (%),Pumped hydropower (%),Batteries (%),Cogeneration (%),Combined cycle (%),Fuel & Gas (%),Nuclear (%),No renewable residues (%),Renewable residues (%)
6.454972378952291,35.44479414446626,12.21673381815753,1.0326203181737472,20.480923127569195,0.8273109677582188,0.21422643698193095,6.136590011747837,7.363803455828981,1.3202716158256873,7.396757875063064,0.7740540221810776,0.3369418272941854
