PV (%),Wind (%),CSP (%),Other renewables (%),Hydraulic (%),Pumped hydropower (%),Batteries (%),Cogeneration (%),Combined cycle (%),Fuel & Gas (%),Nuclear (%),No renewable residues (%),Renewable residues (%)
6.869247249949557,56.92158722112631,2.7084797671957364,0.9377942664913927,15.211202282990639,1.0808242329322448,0.15816777525845377,4.847939479333146,2.1738322400270915,1.1085542754759843,6.932435449404713,0.7832229679809586,0.2667127918337548
