PV (%),Wind (%),CSP (%),Other renewables (%),Hydraulic (%),Pumped hydropower (%),Batteries (%),Cogeneration (%),Combined cycle (%),Fuel & Gas (%),Nuclear (%),No renewable residues (%),Renewable residues (%)
6.304676745549634,42.41331828960383,0.8034239375651424,1.2308658082312027,9.072461798516803,0.5158090620704309,0.14291505204251104,6.2310852583864555,23.684229872636976,1.2648638090211688,7.183446554855808,0.8499583515459357,0.30294545997408834
