PV (%),Wind (%),CSP (%),Other renewables (%),Hydraulic (%),Pumped hydropower (%),Batteries (%),Cogeneration (%),Combined cycle (%),Fuel & Gas (%),Nuclear (%),No renewable residues (%),Renewable residues (%)
6.310926402554862,40.56400724093404,2.1601403551764937,1.1481381917475164,8.509088972388737,0.5696879518461893,0.08549692367856014,5.776706427887748,23.56370627525909,1.2466486957846097,8.830868641703448,0.9222221180085639,0.3123618030301342
