PV (%),Wind (%),CSP (%),Other renewables (%),Hydraulic (%),Pumped hydropower (%),Batteries (%),Cogeneration (%),Combined cycle (%),Fuel & Gas (%),Nuclear (%),No renewable residues (%),Renewable residues (%)
7.813107126860185,38.17867012758742,4.7251320941654065,1.2543108917180545,9.937366911767159,0.612174216546994,0.051153161503689364,5.625803576873931,20.788487363874168,1.278161364583999,8.537634518387437,0.8943521048813871,0.30364654125016804
