PV (%),Wind (%),CSP (%),Other renewables (%),Hydraulic (%),Pumped hydropower (%),Batteries (%),Cogeneration (%),Combined cycle (%),Fuel & Gas (%),Nuclear (%),No renewable residues (%),Renewable residues (%)
12.602919273509087,27.531504458656958,9.990848735066091,1.246092292666183,15.051796671398375,0.8382240434825593,0.1691344008586132,6.206231276473786,17.088121827200606,1.3693173093566062,7.120075771822777,0.6335745434071247,0.1521593961012203
