PV (%),Wind (%),CSP (%),Other renewables (%),Hydraulic (%),Pumped hydropower (%),Batteries (%),Cogeneration (%),Combined cycle (%),Fuel & Gas (%),Nuclear (%),No renewable residues (%),Renewable residues (%)
9.49147951877659,40.44095599531836,2.9936840947549967,1.2650256639730317,6.214579292711344,0.9903892430181074,0.15689847839474053,6.431881598691122,19.557805651126927,1.4349137277252064,9.781301153410665,0.9072071170817223,0.3338784650171706
