PV (%),Wind (%),CSP (%),Other renewables (%),Hydraulic (%),Pumped hydropower (%),Batteries (%),Cogeneration (%),Combined cycle (%),Fuel & Gas (%),Nuclear (%),No renewable residues (%),Renewable residues (%)
10.552207373123434,36.7183791913934,7.030159126136668,1.017755240390413,20.18609015749531,1.3565134127454415,0.2914566643181805,6.048250777816829,7.112641978797033,1.3012656560174523,7.2902779044270405,0.7629111335067833,0.33209138383201825
