PV (%),Wind (%),CSP (%),Other renewables (%),Hydraulic (%),Pumped hydropower (%),Batteries (%),Cogeneration (%),Combined cycle (%),Fuel & Gas (%),Nuclear (%),No renewable residues (%),Renewable residues (%)
9.474852790780991,23.402440353167744,7.588212294486602,1.357546034795879,8.165687964664556,0.03287752011531221,0.0,6.131764307936822,31.63735217867479,1.5307116354914976,9.495493632613165,0.8548750016991019,0.3281862855735369
