PV (%),Wind (%),CSP (%),Other renewables (%),Hydraulic (%),Pumped hydropower (%),Batteries (%),Cogeneration (%),Combined cycle (%),Fuel & Gas (%),Nuclear (%),No renewable residues (%),Renewable residues (%)
7.472265744370343,23.302074800684345,23.41355991007296,1.2641278255291135,8.382634546436467,0.0060401567239996,0.029844145186567448,5.648708177851234,18.60415339654605,1.5895443553844169,9.138514947531217,0.8308571091008282,0.3176748845824629
