PV (%),Wind (%),CSP (%),Other renewables (%),Hydraulic (%),Pumped hydropower (%),Batteries (%),Cogeneration (%),Combined cycle (%),Fuel & Gas (%),Nuclear (%),No renewable residues (%),Renewable residues (%)
12.907098948546066,21.822813193328393,12.879642239184465,1.2850733355853787,11.993405123198645,0.020054200384423536,0.0,5.799798872985203,22.684527533509968,1.53541466547131,7.916775601912246,0.8446364715520197,0.3107598143418759
