PV (%),Wind (%),CSP (%),Other renewables (%),Hydraulic (%),Pumped hydropower (%),Batteries (%),Cogeneration (%),Combined cycle (%),Fuel & Gas (%),Nuclear (%),No renewable residues (%),Renewable residues (%)
13.557121439177758,31.033128599161834,4.8783172071402365,1.2439766250976005,15.026241101996336,0.8245112330738131,0.09596390436312352,6.195694077654697,17.88566648990938,1.3669924252051235,7.107987009629999,0.6324988340703004,0.15190105351979108
