PV (%),Wind (%),CSP (%),Other renewables (%),Hydraulic (%),Pumped hydropower (%),Batteries (%),Cogeneration (%),Combined cycle (%),Fuel & Gas (%),Nuclear (%),No renewable residues (%),Renewable residues (%)
5.472637643432414,41.30647815893914,1.2534051909772013,1.2373258856369023,9.120077716585804,0.5091662912066693,0.17246702498831554,6.263788492826395,25.013048397408827,1.2715023215700607,7.221148163328272,0.8544192738543538,0.30453543924563076
