PV (%),Wind (%),CSP (%),Other renewables (%),Hydraulic (%),Pumped hydropower (%),Batteries (%),Cogeneration (%),Combined cycle (%),Fuel & Gas (%),Nuclear (%),No renewable residues (%),Renewable residues (%)
13.94286216280797,25.121992392071284,5.787425054425218,1.3216552114091622,16.11168586194596,0.5275608023871556,0.06500085934624784,6.257201904990477,21.378213878057554,1.4479257744479235,6.956350580149173,0.8110468062567296,0.271078711705135
