PV (%),Wind (%),CSP (%),Other renewables (%),Hydraulic (%),Pumped hydropower (%),Batteries (%),Cogeneration (%),Combined cycle (%),Fuel & Gas (%),Nuclear (%),No renewable residues (%),Renewable residues (%)
5.458688037943291,40.1698154149567,1.7337214020666099,1.2456455270760163,10.318157138141876,0.5540353872594632,0.07502713246530508,6.305466177164047,23.712426484156538,1.3034553996746296,7.950254160859127,0.8373770128288794,0.33593072540751534
