PV (%),Wind (%),CSP (%),Other renewables (%),Hydraulic (%),Pumped hydropower (%),Batteries (%),Cogeneration (%),Combined cycle (%),Fuel & Gas (%),Nuclear (%),No renewable residues (%),Renewable residues (%)
12.539868586095702,24.56106326314784,13.808043980170721,1.2628687020208258,8.37428509632102,0.1949277293572123,0.038438424034743346,5.643081831278875,21.712660666273326,1.587961103576402,9.12941260932704,0.8300295411152416,0.31735846728106937
