PV (%),Wind (%),CSP (%),Other renewables (%),Hydraulic (%),Pumped hydropower (%),Batteries (%),Cogeneration (%),Combined cycle (%),Fuel & Gas (%),Nuclear (%),No renewable residues (%),Renewable residues (%)
10.750696501407376,25.28201675657536,9.046015717109935,1.3236073103815662,16.135482995376293,0.40039968959191996,0.06509450592591937,6.266443859551252,21.229829273852232,1.4500643764010026,6.966625184828189,0.8122447311189767,0.2714790978799801
