PV (%),Wind (%),CSP (%),Other renewables (%),Hydraulic (%),Pumped hydropower (%),Batteries (%),Cogeneration (%),Combined cycle (%),Fuel & Gas (%),Nuclear (%),No renewable residues (%),Renewable residues (%)
14.87479540809857,22.42866399493892,8.30274691262779,1.2850733355853796,11.993405123198654,0.12224847105956062,0.0,5.799798872985207,24.585681328228468,1.535414665471311,7.916775601912251,0.8446364715520203,0.3107598143418761
