PV (%),Wind (%),CSP (%),Other renewables (%),Hydraulic (%),Pumped hydropower (%),Batteries (%),Cogeneration (%),Combined cycle (%),Fuel & Gas (%),Nuclear (%),No renewable residues (%),Renewable residues (%)
12.318308228553901,23.264941496061606,4.85890914658728,1.3575460347958794,8.165687964664558,0.09083327723394008,0.014043680277396706,6.131764307936824,31.58869930851132,1.530711635491498,9.495493632613167,0.8548750016991022,0.328186285573537
