PV (%),Wind (%),CSP (%),Other renewables (%),Hydraulic (%),Pumped hydropower (%),Batteries (%),Cogeneration (%),Combined cycle (%),Fuel & Gas (%),Nuclear (%),No renewable residues (%),Renewable residues (%)
5.777228374289476,43.7824316461997,1.6054755049298213,1.1335571774879696,8.40102606799801,0.6391174312812513,0.15310474978294766,5.703343970821456,21.63627414715316,1.2308166273624155,8.718719231018937,0.9105101708319914,0.3083949008428741
