PV (%),Wind (%),CSP (%),Other renewables (%),Hydraulic (%),Pumped hydropower (%),Batteries (%),Cogeneration (%),Combined cycle (%),Fuel & Gas (%),Nuclear (%),No renewable residues (%),Renewable residues (%)
10.670235878071828,22.615855368806372,7.543365132432325,1.357546034795879,8.165687964664556,0.04206145925879933,0.0,6.131764307936822,31.26421729865612,1.5307116354914976,9.495493632613165,0.8548750016991019,0.3281862855735369
