PV (%),Wind (%),CSP (%),Other renewables (%),Hydraulic (%),Pumped hydropower (%),Batteries (%),Cogeneration (%),Combined cycle (%),Fuel & Gas (%),Nuclear (%),No renewable residues (%),Renewable residues (%)
6.149222966805401,38.88501826881727,1.726043045837343,1.2495919913929214,10.350847207729718,0.5710245029153584,0.10272561648287493,6.32544320652652,24.18003093348597,1.3075850177013313,7.975442220924503,0.8400299975095881,0.33699502387120817
