PV (%),Wind (%),CSP (%),Other renewables (%),Hydraulic (%),Pumped hydropower (%),Batteries (%),Cogeneration (%),Combined cycle (%),Fuel & Gas (%),Nuclear (%),No renewable residues (%),Renewable residues (%)
7.502562526421669,26.29040458082097,17.008208982455283,1.2564269606960365,15.176631182266686,0.018106823537894185,0.25956835271044854,6.257703659648243,16.87833514422075,1.380673963998498,7.179127272166904,0.6388291963865351,0.15342135467008722
