PV (%),Wind (%),CSP (%),Other renewables (%),Hydraulic (%),Pumped hydropower (%),Batteries (%),Cogeneration (%),Combined cycle (%),Fuel & Gas (%),Nuclear (%),No renewable residues (%),Renewable residues (%)
5.473982306266237,35.12739218007021,10.629822842047071,1.2905500666358372,6.3399707600661745,0.3145026480583203,0.0322633300087207,6.561657571210824,21.521207079472028,1.4638659591430396,9.97865831091031,0.9255118206260217,0.3406151254852063
