PV (%),Wind (%),CSP (%),Other renewables (%),Hydraulic (%),Pumped hydropower (%),Batteries (%),Cogeneration (%),Combined cycle (%),Fuel & Gas (%),Nuclear (%),No renewable residues (%),Renewable residues (%)
5.925648664435939,37.96064700605085,1.6742292162828327,1.2454785028349207,9.180169001592123,0.5314041400967029,0.07941459665799858,6.305059972219295,27.382750235114543,1.2798801239053093,7.268727590372656,0.8600489574706128,0.30654199296621504
