PV (%),Wind (%),CSP (%),Other renewables (%),Hydraulic (%),Pumped hydropower (%),Batteries (%),Cogeneration (%),Combined cycle (%),Fuel & Gas (%),Nuclear (%),No renewable residues (%),Renewable residues (%)
7.0293776474542,39.872263726792475,1.1038868001144813,1.2432839289391382,10.298595119779678,0.6668106276949838,0.07664528374435205,6.293511751243944,23.008376219953053,1.3009842007850057,7.935181409417499,0.8357894440138545,0.3352938400673458
