PV (%),Wind (%),CSP (%),Other renewables (%),Hydraulic (%),Pumped hydropower (%),Batteries (%),Cogeneration (%),Combined cycle (%),Fuel & Gas (%),Nuclear (%),No renewable residues (%),Renewable residues (%)
8.979877191834865,36.43352520163719,6.215371097474182,1.2835404045288759,6.305535015227599,0.8289696387172041,0.13994875905335502,6.526017727686062,20.64759117494419,1.4559149264719677,9.924458923495115,0.9204848749024059,0.33876506402699763
