PV (%),Wind (%),CSP (%),Other renewables (%),Hydraulic (%),Pumped hydropower (%),Batteries (%),Cogeneration (%),Combined cycle (%),Fuel & Gas (%),Nuclear (%),No renewable residues (%),Renewable residues (%)
3.8239194054285197,38.767620549166324,3.725532456908338,1.160970420448688,8.604191266273862,0.5165230211946924,0.063602737840739,5.841270100235723,26.057838471420254,1.26058193247102,8.929567323495284,0.9325293834724473,0.3158529316440968
