PV (%),Wind (%),CSP (%),Other renewables (%),Hydraulic (%),Pumped hydropower (%),Batteries (%),Cogeneration (%),Combined cycle (%),Fuel & Gas (%),Nuclear (%),No renewable residues (%),Renewable residues (%)
13.480181478269046,27.663955309822647,6.716595767363331,1.2621734898528318,8.36967503282994,0.20351202151045877,0.05560441775050617,5.63997530155982,24.750097038761563,1.5870869272825872,9.124386846377586,0.8295726079155714,0.3171837607041175
