PV (%),Wind (%),CSP (%),Other renewables (%),Hydraulic (%),Pumped hydropower (%),Batteries (%),Cogeneration (%),Combined cycle (%),Fuel & Gas (%),Nuclear (%),No renewable residues (%),Renewable residues (%)
13.920933678489051,19.925832977437143,17.055532711961916,1.2850733355853803,11.99340512319866,0.012463731774378433,0.0,5.7997988729852095,19.39937301529081,1.5354146654713117,7.916775601912255,0.8446364715520206,0.3107598143418762
