PV (%),Wind (%),CSP (%),Other renewables (%),Hydraulic (%),Pumped hydropower (%),Batteries (%),Cogeneration (%),Combined cycle (%),Fuel & Gas (%),Nuclear (%),No renewable residues (%),Renewable residues (%)
8.287286485278957,39.439838515254294,4.662368702155876,1.2750447428911826,6.263799132395252,0.982463183918344,0.17128203941480125,6.482822485634949,19.879131685098343,1.4462783302690514,9.858769643552153,0.9143922517078478,0.3365228024289288
