PV (%),Wind (%),CSP (%),Other renewables (%),Hydraulic (%),Pumped hydropower (%),Batteries (%),Cogeneration (%),Combined cycle (%),Fuel & Gas (%),Nuclear (%),No renewable residues (%),Renewable residues (%)
6.669912547510106,33.609440130023735,5.386345453598053,1.2155043101896024,11.65790257883418,0.45583345670416947,0.07598670589391192,9.907554573502672,19.480046126411477,2.2860040628582534,8.1247290316261,0.832051231394437,0.29868979145331376
