PV (%),Wind (%),CSP (%),Other renewables (%),Hydraulic (%),Pumped hydropower (%),Batteries (%),Cogeneration (%),Combined cycle (%),Fuel & Gas (%),Nuclear (%),No renewable residues (%),Renewable residues (%)
4.867437141400971,28.257810745506088,12.077085474990692,1.2343032287659512,11.838236839883246,0.32025384814807734,0.048179274950896675,6.5422865619316095,23.09693387079559,2.318933336845337,8.250409947986611,0.8448708514546048,0.3032588773403135
