PV (%),Wind (%),CSP (%),Other renewables (%),Hydraulic (%),Pumped hydropower (%),Batteries (%),Cogeneration (%),Combined cycle (%),Fuel & Gas (%),Nuclear (%),No renewable residues (%),Renewable residues (%)
6.896211160500208,35.593988897739756,3.387915977753743,1.2070725821592745,11.577033870163412,0.5572262068094479,0.1262661825774637,9.838827704408828,19.354044366576346,2.2701464765274912,8.068369292758456,0.8262794462747916,0.2966178357507652
