PV (%),Wind (%),CSP (%),Other renewables (%),Hydraulic (%),Pumped hydropower (%),Batteries (%),Cogeneration (%),Combined cycle (%),Fuel & Gas (%),Nuclear (%),No renewable residues (%),Renewable residues (%)
9.83295698309535,25.612091102212595,9.612627065781592,1.2349623038426838,11.844558047404856,0.34901708364513095,0.07007483223827357,6.5457799158476675,23.174202928474415,2.320171566748087,8.254815380495268,0.8453219831605538,0.3034208070535273
