PV (%),Wind (%),CSP (%),Other renewables (%),Hydraulic (%),Pumped hydropower (%),Batteries (%),Cogeneration (%),Combined cycle (%),Fuel & Gas (%),Nuclear (%),No renewable residues (%),Renewable residues (%)
15.069359784587316,23.607403052088756,5.9854264750329875,1.2320796178801143,11.816910125593923,0.7422420607089496,0.15992537592924788,6.53050056050316,23.159789090972495,2.314755752852063,8.235546743430872,0.8433488072934638,0.30271255312664785
