PV (%),Wind (%),CSP (%),Other renewables (%),Hydraulic (%),Pumped hydropower (%),Batteries (%),Cogeneration (%),Combined cycle (%),Fuel & Gas (%),Nuclear (%),No renewable residues (%),Renewable residues (%)
19.319720920378952,19.424077955216212,7.990859603568739,1.2657911767680665,15.289743410897566,1.3793564561033658,0.4131916120226349,6.829704541195604,17.738491737548205,2.318273665843825,7.2326336844679675,0.6435904239112699,0.15456481207759012
