PV (%),Wind (%),CSP (%),Other renewables (%),Hydraulic (%),Pumped hydropower (%),Batteries (%),Cogeneration (%),Combined cycle (%),Fuel & Gas (%),Nuclear (%),No renewable residues (%),Renewable residues (%)
9.275631137204956,24.16810292791305,5.429528730228858,1.3274613675825995,16.182420777697928,0.44995471239888213,0.06696311081061503,10.470019751459374,22.129696514965875,2.426346931203069,6.986890458845602,0.8146611252910801,0.27232245439811964
