PV (%),Wind (%),CSP (%),Other renewables (%),Hydraulic (%),Pumped hydropower (%),Batteries (%),Cogeneration (%),Combined cycle (%),Fuel & Gas (%),Nuclear (%),No renewable residues (%),Renewable residues (%)
4.5412246307982524,36.09613257461352,1.6490756944563025,1.2516782683814753,10.36810127878894,0.504945460628887,0.068527381208321,10.555984126310175,23.611280157951466,2.1852309954638955,7.988735881342011,0.8414784972913524,0.33760505276541053
