PV (%),Wind (%),CSP (%),Other renewables (%),Hydraulic (%),Pumped hydropower (%),Batteries (%),Cogeneration (%),Combined cycle (%),Fuel & Gas (%),Nuclear (%),No renewable residues (%),Renewable residues (%)
4.700067114448008,38.326557809514085,1.0316704510562564,1.2431678216378552,10.297606187522643,0.5545643720250081,0.08282256424844327,10.48421157660407,22.00347366181415,2.1703731102715196,7.934418639456105,0.8357570925837674,0.3353095988180856
