PV (%),Wind (%),CSP (%),Other renewables (%),Hydraulic (%),Pumped hydropower (%),Batteries (%),Cogeneration (%),Combined cycle (%),Fuel & Gas (%),Nuclear (%),No renewable residues (%),Renewable residues (%)
6.669319378826988,27.57310419279698,2.9394440435414446,1.2585775960318748,10.425278399132598,0.052443780981099336,0.0,6.901839098550967,32.76673302341469,2.1949794006380405,8.032792276872092,0.846070511128812,0.3394182980844383
