PV (%),Wind (%),CSP (%),Other renewables (%),Hydraulic (%),Pumped hydropower (%),Batteries (%),Cogeneration (%),Combined cycle (%),Fuel & Gas (%),Nuclear (%),No renewable residues (%),Renewable residues (%)
6.331166851540327,18.604002585961496,18.931456732412602,1.3280824775866669,16.190037683744215,0.4375805472697879,0.03253989820637647,6.811600192763416,20.831020310813617,2.424945166347015,6.990179612423775,0.8149909617832448,0.2723969791474632
