PV (%),Wind (%),CSP (%),Other renewables (%),Hydraulic (%),Pumped hydropower (%),Batteries (%),Cogeneration (%),Combined cycle (%),Fuel & Gas (%),Nuclear (%),No renewable residues (%),Renewable residues (%)
15.859485157131694,26.132495332533956,5.6679680403863655,1.0408415916847384,20.643983322905193,1.9924519972084402,0.5557217568796353,6.700900776250957,10.612691528836399,2.2179717396072793,7.455647641722913,0.7802167033879398,0.3396244114645005
