PV (%),Wind (%),CSP (%),Other renewables (%),Hydraulic (%),Pumped hydropower (%),Batteries (%),Cogeneration (%),Combined cycle (%),Fuel & Gas (%),Nuclear (%),No renewable residues (%),Renewable residues (%)
5.4534918895943045,32.01408244947911,11.668315512514031,1.0503992256585286,20.83354880331801,0.7182928138249622,0.12962424493644661,6.762432480427409,10.477240033242223,2.2383384911098445,7.524109885897648,0.7873811227681733,0.3427430472293219
