PV (%),Wind (%),CSP (%),Other renewables (%),Hydraulic (%),Pumped hydropower (%),Batteries (%),Cogeneration (%),Combined cycle (%),Fuel & Gas (%),Nuclear (%),No renewable residues (%),Renewable residues (%)
6.212237534962187,20.71009399189522,21.867352746110175,1.2650962881271304,8.389056577394982,0.0,0.0,6.124122026701449,22.485842665368377,2.651270205432702,9.145516066998228,0.8314936381117483,0.3179182588978086
