PV (%),Wind (%),CSP (%),Other renewables (%),Hydraulic (%),Pumped hydropower (%),Batteries (%),Cogeneration (%),Combined cycle (%),Fuel & Gas (%),Nuclear (%),No renewable residues (%),Renewable residues (%)
8.932504081751134,26.58730707776959,6.256303020835744,1.264816280610273,8.387173458558651,0.2088299479038858,0.039635027422107394,9.414760622848956,25.962482168953326,2.653455476662118,9.143461782371805,0.8313655365842705,0.3179055177281607
