PV (%),Wind (%),CSP (%),Other renewables (%),Hydraulic (%),Pumped hydropower (%),Batteries (%),Cogeneration (%),Combined cycle (%),Fuel & Gas (%),Nuclear (%),No renewable residues (%),Renewable residues (%)
12.075678693621356,27.010013729354956,3.744953304383376,1.2577242684675978,9.964409630914599,0.5509221262922013,0.10398804622226172,6.111205932198331,27.282911289532954,2.136066076692557,8.560868122873837,0.8967859198955624,0.30447285955038056
