PV (%),Wind (%),CSP (%),Other renewables (%),Hydraulic (%),Pumped hydropower (%),Batteries (%),Cogeneration (%),Combined cycle (%),Fuel & Gas (%),Nuclear (%),No renewable residues (%),Renewable residues (%)
19.444981249936152,17.301443919616858,10.85794975840083,1.264526163747593,8.385275991109987,0.34693119127379607,0.05326525175897985,6.121362148814326,23.283900449518,2.6500753922038247,9.141394577019813,0.8311189197610847,0.31777498683875766
