PV (%),Wind (%),CSP (%),Other renewables (%),Hydraulic (%),Pumped hydropower (%),Batteries (%),Cogeneration (%),Combined cycle (%),Fuel & Gas (%),Nuclear (%),No renewable residues (%),Renewable residues (%)
9.14488524859136,28.29697816058671,7.904364134417826,1.2909236133159439,6.341805849684642,0.1788999042342102,0.03238302445074934,7.110519896518066,26.010717348378076,2.4404827861673613,9.98154661007849,0.9257797078447604,0.34071371573180614
