PV (%),Wind (%),CSP (%),Other renewables (%),Hydraulic (%),Pumped hydropower (%),Batteries (%),Cogeneration (%),Combined cycle (%),Fuel & Gas (%),Nuclear (%),No renewable residues (%),Renewable residues (%)
8.98420453255275,22.840867285931537,8.568835458555618,1.3271847522644824,16.179048698042248,0.14773486282373885,0.03931115101567241,10.467838017274886,20.94694229929092,2.425841331006614,6.985434536304941,0.8144913668696051,0.27226570806696965
