PV (%),Wind (%),CSP (%),Other renewables (%),Hydraulic (%),Pumped hydropower (%),Batteries (%),Cogeneration (%),Combined cycle (%),Fuel & Gas (%),Nuclear (%),No renewable residues (%),Renewable residues (%)
4.029211344790802,38.328879451535705,1.1934258759944474,1.2399718889260234,9.13955729686093,0.5196393490354307,0.09956954903388267,10.458059222455516,24.467666386966222,2.125924597246753,7.2365710267743415,0.8562911409740364,0.3052328694059056
