PV (%),Wind (%),CSP (%),Other renewables (%),Hydraulic (%),Pumped hydropower (%),Batteries (%),Cogeneration (%),Combined cycle (%),Fuel & Gas (%),Nuclear (%),No renewable residues (%),Renewable residues (%)
3.9540310804126624,32.5499259850564,7.5826050426963025,1.2583519709391147,9.969382648220016,0.014196167271350936,0.0,6.114255900433629,26.653120099989902,2.1371321402084473,8.56514066353619,0.8972334859897,0.30462481524626805
