PV (%),Wind (%),CSP (%),Other renewables (%),Hydraulic (%),Pumped hydropower (%),Batteries (%),Cogeneration (%),Combined cycle (%),Fuel & Gas (%),Nuclear (%),No renewable residues (%),Renewable residues (%)
8.596463425759135,25.02068363165399,9.905209427995098,1.265100450075007,8.389057825979348,0.03838623708886448,0.009114332028409396,9.416875860870325,24.410011842413553,2.654051635198387,9.145516066998232,0.8315523215768035,0.31797694236286356
