PV (%),Wind (%),CSP (%),Other renewables (%),Hydraulic (%),Pumped hydropower (%),Batteries (%),Cogeneration (%),Combined cycle (%),Fuel & Gas (%),Nuclear (%),No renewable residues (%),Renewable residues (%)
8.16089762123211,22.398718845051327,4.511685735729403,1.3575500396322706,8.165689166115477,0.03758065584872952,0.0,10.21493994356476,31.920407645241383,2.5538624913125276,9.495493632613169,0.8549314698922139,0.3282427537666486
