PV (%),Wind (%),CSP (%),Other renewables (%),Hydraulic (%),Pumped hydropower (%),Batteries (%),Cogeneration (%),Combined cycle (%),Fuel & Gas (%),Nuclear (%),No renewable residues (%),Renewable residues (%)
4.190985566067503,40.71537200014674,0.7494742971227095,1.2321490895718026,9.081897180887113,0.4876007344198073,0.1905157106871409,10.39208087273447,22.502299398171388,2.1125124532175295,7.190916569878504,0.8508889267428423,0.3033072003524373
