PV (%),Wind (%),CSP (%),Other renewables (%),Hydraulic (%),Pumped hydropower (%),Batteries (%),Cogeneration (%),Combined cycle (%),Fuel & Gas (%),Nuclear (%),No renewable residues (%),Renewable residues (%)
21.354408148979818,13.950162032880842,13.334826875898067,1.2843195082880077,11.986369761153584,0.363272163934596,0.029363147116427627,6.279429754182848,19.79347516675048,2.557523312185184,7.912131601145422,0.8441410056428146,0.31057752184191506
