PV (%),Wind (%),CSP (%),Other renewables (%),Hydraulic (%),Pumped hydropower (%),Batteries (%),Cogeneration (%),Combined cycle (%),Fuel & Gas (%),Nuclear (%),No renewable residues (%),Renewable residues (%)
2.962246648615976,32.32818095469377,2.678861222589367,1.249107289997465,9.206916054509646,0.10309799742031026,0.0,6.8503827139643425,34.02196312653615,2.1393485709228073,7.289905527453013,0.8625547691798677,0.30743512411727425
