PV (%),Wind (%),CSP (%),Other renewables (%),Hydraulic (%),Pumped hydropower (%),Batteries (%),Cogeneration (%),Combined cycle (%),Fuel & Gas (%),Nuclear (%),No renewable residues (%),Renewable residues (%)
19.786742521362967,15.538444607846658,9.28751898750773,1.3195548091118146,16.08608083144599,0.9760593718320427,0.1636034106149089,6.767862646935178,19.639057130224437,2.4093745005206877,6.945295401299521,0.8097578735907722,0.2706479077073054
