PV (%),Wind (%),CSP (%),Other renewables (%),Hydraulic (%),Pumped hydropower (%),Batteries (%),Cogeneration (%),Combined cycle (%),Fuel & Gas (%),Nuclear (%),No renewable residues (%),Renewable residues (%)
12.740586067259281,39.71587831874175,3.0679552783319357,1.0483562717941708,17.004539145419706,1.610963176078943,0.40481528662958033,5.871115447925863,7.546918144410751,2.06541361441589,7.749740472803772,0.8755616663856189,0.29815710980273546
