PV (%),Wind (%),CSP (%),Other renewables (%),Hydraulic (%),Pumped hydropower (%),Batteries (%),Cogeneration (%),Combined cycle (%),Fuel & Gas (%),Nuclear (%),No renewable residues (%),Renewable residues (%)
8.763206190068768,28.324287308764603,7.25795046310436,1.2593887516864515,15.212364594733424,0.4039969853492044,0.09959105624536038,10.449841975058765,17.930163803405627,2.3089608853728665,7.196030029744918,0.6403843286509421,0.15383362781472218
