PV (%),Wind (%),CSP (%),Other renewables (%),Hydraulic (%),Pumped hydropower (%),Batteries (%),Cogeneration (%),Combined cycle (%),Fuel & Gas (%),Nuclear (%),No renewable residues (%),Renewable residues (%)
17.791903885211717,14.542470662550258,7.7513968546680765,1.3575460347958788,8.165687964664553,0.1747859830235791,0.0,6.642744666931552,30.34372296911609,2.5511860591524997,9.495493632613162,0.8548750016991018,0.3281862855735369
