PV (%),Wind (%),CSP (%),Other renewables (%),Hydraulic (%),Pumped hydropower (%),Batteries (%),Cogeneration (%),Combined cycle (%),Fuel & Gas (%),Nuclear (%),No renewable residues (%),Renewable residues (%)
5.940046262649971,29.351518365564935,2.1375160146106666,1.2491083492936141,9.206923862366345,0.03857322000524604,0.0,6.850388523380466,34.62667242184573,2.139350385181455,7.28991170960319,0.862555500663026,0.3074353848353452
