PV (%),Wind (%),CSP (%),Other renewables (%),Hydraulic (%),Pumped hydropower (%),Batteries (%),Cogeneration (%),Combined cycle (%),Fuel & Gas (%),Nuclear (%),No renewable residues (%),Renewable residues (%)
7.869425999006507,43.64844027772551,5.013845952756711,1.0520971149882352,17.06521633717388,1.3694789990246885,0.2833710732641809,5.892065312829472,6.7779745428185505,2.0727836170288305,7.7773938237527185,0.8786859276590092,0.2992210219716956
