PV (%),Wind (%),CSP (%),Other renewables (%),Hydraulic (%),Pumped hydropower (%),Batteries (%),Cogeneration (%),Combined cycle (%),Fuel & Gas (%),Nuclear (%),No renewable residues (%),Renewable residues (%)
13.827533633848889,25.884227299674215,5.003946385021634,1.2885642854678308,6.330215389184772,0.793685056434225,0.14159347292230137,7.09752451287695,25.969204669219334,2.436022492048598,9.963304058279546,0.9240877271393136,0.3400910178823995
