PV (%),Wind (%),CSP (%),Other renewables (%),Hydraulic (%),Pumped hydropower (%),Batteries (%),Cogeneration (%),Combined cycle (%),Fuel & Gas (%),Nuclear (%),No renewable residues (%),Renewable residues (%)
9.440489837768796,20.231694284948432,12.228164316359225,1.2850773527060482,11.993406328150922,0.0,0.0,9.66164987866448,23.52552373259989,2.561709097762737,7.916775601786805,0.8446931132271753,0.31081645602549085
