PV (%),Wind (%),CSP (%),Other renewables (%),Hydraulic (%),Pumped hydropower (%),Batteries (%),Cogeneration (%),Combined cycle (%),Fuel & Gas (%),Nuclear (%),No renewable residues (%),Renewable residues (%)
20.199653826428563,19.059835212557584,7.599417808828833,1.2645551339717775,15.27481300409192,1.4005092556221062,0.3894503317087659,6.8230353470553196,17.649773334344818,2.3160098757992387,7.225571030747542,0.6429619590255632,0.15441387981796095
