PV (%),Wind (%),CSP (%),Other renewables (%),Hydraulic (%),Pumped hydropower (%),Batteries (%),Cogeneration (%),Combined cycle (%),Fuel & Gas (%),Nuclear (%),No renewable residues (%),Renewable residues (%)
6.182178457277447,36.87657967137936,4.445035692888559,1.2799078846901764,6.28767233712335,0.6845524274462479,0.09672230924263693,10.841455523686928,19.731574707367518,2.422188880332718,9.896342558482575,0.9179306634386293,0.33785888664383756
