PV (%),Wind (%),CSP (%),Other renewables (%),Hydraulic (%),Pumped hydropower (%),Batteries (%),Cogeneration (%),Combined cycle (%),Fuel & Gas (%),Nuclear (%),No renewable residues (%),Renewable residues (%)
7.818117860386488,20.982101121274518,7.1496024682134,1.3575500396322704,8.165689166115476,0.0024501892695358977,0.0,10.214939943564758,31.077018863959005,2.553862491312527,9.495493632613167,0.8549314698922137,0.3282427537666485
