PV (%),Wind (%),CSP (%),Other renewables (%),Hydraulic (%),Pumped hydropower (%),Batteries (%),Cogeneration (%),Combined cycle (%),Fuel & Gas (%),Nuclear (%),No renewable residues (%),Renewable residues (%)
5.167062136553298,54.00941712061237,2.631915239447645,0.9588654801780057,15.552934185985194,0.9019353963406523,0.10598577405045581,8.257964109985926,2.361055995342916,1.8910797978629357,7.0881777863356525,0.8008604700483326,0.272746507256612
