PV (%),Wind (%),CSP (%),Other renewables (%),Hydraulic (%),Pumped hydropower (%),Batteries (%),Cogeneration (%),Combined cycle (%),Fuel & Gas (%),Nuclear (%),No renewable residues (%),Renewable residues (%)
4.420346780773628,43.00854841007899,0.9597846760626098,1.126353440660865,8.347614934398766,0.6536327588372676,0.15213140281567203,9.441409716593792,19.975187554519607,2.0404572768002502,8.66328730601537,0.9047664401930866,0.30647930225010667
