PV (%),Wind (%),CSP (%),Other renewables (%),Hydraulic (%),Pumped hydropower (%),Batteries (%),Cogeneration (%),Combined cycle (%),Fuel & Gas (%),Nuclear (%),No renewable residues (%),Renewable residues (%)
7.4940362677744945,39.337090002003315,3.1380593243789554,1.008246117239666,19.997420955227465,1.1964411848450809,0.3999787690826523,9.98227031858217,6.988695424071332,2.1507595112167763,7.222138988856588,0.7558281049595874,0.32903503176190785
