PV (%),Wind (%),CSP (%),Other renewables (%),Hydraulic (%),Pumped hydropower (%),Batteries (%),Cogeneration (%),Combined cycle (%),Fuel & Gas (%),Nuclear (%),No renewable residues (%),Renewable residues (%)
9.862913957370203,21.626600856075026,7.735277202115755,1.2850773527060466,11.993406328150908,0.007081309614863843,0.0,9.66164987866447,26.193998846500534,2.5617090977627344,7.916775601786796,0.8446931132271744,0.31081645602549046
