PV (%),Wind (%),CSP (%),Other renewables (%),Hydraulic (%),Pumped hydropower (%),Batteries (%),Cogeneration (%),Combined cycle (%),Fuel & Gas (%),Nuclear (%),No renewable residues (%),Renewable residues (%)
7.2714104181705075,37.32370672341903,5.068104547992629,1.019324076278694,20.21713973860816,1.1346562021824167,0.23223283601253975,10.091949076392325,7.0688115939442895,2.174390671665268,7.3014912011038895,0.7641326574335525,0.33265025679668697
