PV (%),Wind (%),CSP (%),Other renewables (%),Hydraulic (%),Pumped hydropower (%),Batteries (%),Cogeneration (%),Combined cycle (%),Fuel & Gas (%),Nuclear (%),No renewable residues (%),Renewable residues (%)
6.202611465157456,23.173905215741488,16.210400191273717,1.2771828363602362,15.42734553310013,0.8492450277320109,0.1639843479869088,6.891169394700941,19.3619556074787,2.339137284525553,7.297724753516727,0.6493825033320612,0.1559558390940774
