PV (%),Wind (%),CSP (%),Other renewables (%),Hydraulic (%),Pumped hydropower (%),Batteries (%),Cogeneration (%),Combined cycle (%),Fuel & Gas (%),Nuclear (%),No renewable residues (%),Renewable residues (%)
4.285144747756322,40.8055368417023,1.5356464747773595,1.1400001703016849,8.44875338707537,0.5586347152782372,0.10265709124897737,9.555800423080175,21.50847558474316,2.0651791516531373,8.768250397881607,0.9157284549139344,0.3101925595877505
