PV (%),Wind (%),CSP (%),Other renewables (%),Hydraulic (%),Pumped hydropower (%),Batteries (%),Cogeneration (%),Combined cycle (%),Fuel & Gas (%),Nuclear (%),No renewable residues (%),Renewable residues (%)
7.940954871109014,29.407654382678977,6.017257720025989,1.2583519709391142,9.969382648220012,0.09462623135137438,0.0,6.114255900433627,27.29338517026127,2.137132140208447,8.565140663536189,0.8972334859896998,0.304624815246268
