PV (%),Wind (%),CSP (%),Other renewables (%),Hydraulic (%),Pumped hydropower (%),Batteries (%),Cogeneration (%),Combined cycle (%),Fuel & Gas (%),Nuclear (%),No renewable residues (%),Renewable residues (%)
10.830165534025607,28.7463600866581,9.19416058132007,1.0499832873523454,20.825299110449468,1.0565122844526793,0.20811520366958444,6.7597546845542995,10.441389934049736,2.2374521512326675,7.521130480120274,0.7870693346760606,0.3426073274391333
