PV (%),Wind (%),CSP (%),Other renewables (%),Hydraulic (%),Pumped hydropower (%),Batteries (%),Cogeneration (%),Combined cycle (%),Fuel & Gas (%),Nuclear (%),No renewable residues (%),Renewable residues (%)
5.350637735353847,38.713186714709664,3.3876982832470532,1.253934878946634,9.934362441141664,0.5312824988063636,0.06084301095062832,9.36960748340568,19.53380514128718,2.131858833867387,8.535052382201139,0.8941287528772378,0.3036018432054984
