PV (%),Wind (%),CSP (%),Other renewables (%),Hydraulic (%),Pumped hydropower (%),Batteries (%),Cogeneration (%),Combined cycle (%),Fuel & Gas (%),Nuclear (%),No renewable residues (%),Renewable residues (%)
10.312494819763245,25.512040412549233,1.815084179435499,1.2585775960318757,10.425278399132605,0.2631501994819403,0.0,6.901839098550971,32.098274808331254,2.194979400638042,8.032792276872097,0.8460705111288126,0.3394182980844385
