PV (%),Wind (%),CSP (%),Other renewables (%),Hydraulic (%),Pumped hydropower (%),Batteries (%),Cogeneration (%),Combined cycle (%),Fuel & Gas (%),Nuclear (%),No renewable residues (%),Renewable residues (%)
12.980345979781129,16.96355152158261,14.99746618336193,1.325998565147528,16.16463367345971,0.32811308908262937,0.06516290084003414,6.8009120174341735,19.88778298642966,2.4211401516121147,6.979211225676729,0.8137121482820442,0.27196955730973155
