PV (%),Wind (%),CSP (%),Other renewables (%),Hydraulic (%),Pumped hydropower (%),Batteries (%),Cogeneration (%),Combined cycle (%),Fuel & Gas (%),Nuclear (%),No renewable residues (%),Renewable residues (%)
4.57412353971978,31.380757967669012,9.963265379779799,1.2909725770934484,6.342046389688247,0.04534157442741566,0.0,7.110789593276699,25.603660962980708,2.440575351873738,9.98192520275611,0.9258148219840986,0.34072663875095127
