PV (%),Wind (%),CSP (%),Other renewables (%),Hydraulic (%),Pumped hydropower (%),Batteries (%),Cogeneration (%),Combined cycle (%),Fuel & Gas (%),Nuclear (%),No renewable residues (%),Renewable residues (%)
9.882831870390897,29.169851381297683,1.7448725225697583,1.1647437662464437,8.63215631033169,0.3893775917931047,0.06558646594477811,6.348609793216806,30.28314225373814,2.107798386917662,8.958589893530158,0.9355602581342236,0.31687950588865643
