PV (%),Wind (%),CSP (%),Other renewables (%),Hydraulic (%),Pumped hydropower (%),Batteries (%),Cogeneration (%),Combined cycle (%),Fuel & Gas (%),Nuclear (%),No renewable residues (%),Renewable residues (%)
3.891078407569553,47.73738463923713,6.181452103424078,1.0433194914489665,16.92284160532646,1.3329380045242016,0.21938077407913378,5.842907939001507,5.892619715197986,2.0554904280166677,7.712507194819896,0.8713550699155868,0.2967246274388276
