PV (%),Wind (%),CSP (%),Other renewables (%),Hydraulic (%),Pumped hydropower (%),Batteries (%),Cogeneration (%),Combined cycle (%),Fuel & Gas (%),Nuclear (%),No renewable residues (%),Renewable residues (%)
5.639827062522648,17.316177007545033,15.755141770437008,1.357546034795879,8.165687964664556,0.0,0.0,6.642744666931554,31.893134514065004,2.5511860591525006,9.495493632613165,0.8548750016991021,0.328186285573537
