PV (%),Wind (%),CSP (%),Other renewables (%),Hydraulic (%),Pumped hydropower (%),Batteries (%),Cogeneration (%),Combined cycle (%),Fuel & Gas (%),Nuclear (%),No renewable residues (%),Renewable residues (%)
6.356512299861883,38.98796757326917,2.795014029580672,1.269312904061663,6.2356234612572665,0.8138457435611557,0.17052737639016266,10.751710775152812,19.15753205004732,2.4021381840500418,9.81442138356487,0.910332102859557,0.33506211634342725
