PV (%),Wind (%),CSP (%),Other renewables (%),Hydraulic (%),Pumped hydropower (%),Batteries (%),Cogeneration (%),Combined cycle (%),Fuel & Gas (%),Nuclear (%),No renewable residues (%),Renewable residues (%)
6.800848401554692,16.696759299681208,26.870961753632923,1.2850733355650175,11.993405123008616,0.0,0.0,6.283115445634409,18.43864031084909,2.5590244424116366,7.916775601786808,0.8446364715386369,0.3107598143369521
