PV (%),Wind (%),CSP (%),Other renewables (%),Hydraulic (%),Pumped hydropower (%),Batteries (%),Cogeneration (%),Combined cycle (%),Fuel & Gas (%),Nuclear (%),No renewable residues (%),Renewable residues (%)
3.3140356230134036,30.422876526964814,3.6901695160562604,1.2585775960318757,10.425278399132605,0.0756052807819657,0.0,6.901839098550971,32.49835747274472,2.194979400638042,8.032792276872097,0.8460705111288126,0.3394182980844385
