PV (%),Wind (%),CSP (%),Other renewables (%),Hydraulic (%),Pumped hydropower (%),Batteries (%),Cogeneration (%),Combined cycle (%),Fuel & Gas (%),Nuclear (%),No renewable residues (%),Renewable residues (%)
3.203297487505601,34.68060100859017,3.5072880184121327,1.1646219917497773,8.631253814417738,0.24767815244541208,0.02949386396504222,6.347946043141892,29.870279514441542,2.1075780156264994,8.957653268834889,0.9354624448787789,0.3168463759905176
