PV (%),Wind (%),CSP (%),Other renewables (%),Hydraulic (%),Pumped hydropower (%),Batteries (%),Cogeneration (%),Combined cycle (%),Fuel & Gas (%),Nuclear (%),No renewable residues (%),Renewable residues (%)
9.2497411090919,27.220208987791782,1.3305514722930072,1.2491177790296617,9.206993367034922,0.13099648412411846,0.009649638299711655,6.850440238154157,34.152967928294615,2.1393665355093727,7.289966742413811,0.8625620122444291,0.3074377057185035
