PV (%),Wind (%),CSP (%),Other renewables (%),Hydraulic (%),Pumped hydropower (%),Batteries (%),Cogeneration (%),Combined cycle (%),Fuel & Gas (%),Nuclear (%),No renewable residues (%),Renewable residues (%)
5.2789710666475145,56.29748960658283,1.6641900724374281,0.9319125920540594,15.115754515030579,0.7948498123855843,0.1373421395152396,8.025839805389316,1.9833632488039628,1.8379231629866937,6.888935174283042,0.7783489675505092,0.2650798363332622
