PV (%),Wind (%),CSP (%),Other renewables (%),Hydraulic (%),Pumped hydropower (%),Batteries (%),Cogeneration (%),Combined cycle (%),Fuel & Gas (%),Nuclear (%),No renewable residues (%),Renewable residues (%)
12.624327315264999,21.028726852549934,12.875158747979565,1.2754393239413295,15.406285299778816,0.9061328713702312,0.22577969631102224,6.8817620967962085,18.348442309612388,2.3359440730377434,7.287762457300955,0.648496015957703,0.1557429400991015
