PV (%),Wind (%),CSP (%),Other renewables (%),Hydraulic (%),Pumped hydropower (%),Batteries (%),Cogeneration (%),Combined cycle (%),Fuel & Gas (%),Nuclear (%),No renewable residues (%),Renewable residues (%)
12.59207055558397,18.76162713079084,17.409534092424117,1.2650962881271302,8.38905657739498,0.0,0.0,6.124122026701448,22.51229515953704,2.6512702054327018,9.145516066998226,0.8314936381117481,0.31791825889780856
