PV (%),Wind (%),CSP (%),Other renewables (%),Hydraulic (%),Pumped hydropower (%),Batteries (%),Cogeneration (%),Combined cycle (%),Fuel & Gas (%),Nuclear (%),No renewable residues (%),Renewable residues (%)
11.423059985965304,15.690113619035758,12.551103067481847,1.357546034795879,8.165687964664556,0.0,0.0,6.642744666931554,30.940003682086786,2.5511860591525006,9.495493632613165,0.8548750016991021,0.328186285573537
