PV (%),Wind (%),CSP (%),Other renewables (%),Hydraulic (%),Pumped hydropower (%),Batteries (%),Cogeneration (%),Combined cycle (%),Fuel & Gas (%),Nuclear (%),No renewable residues (%),Renewable residues (%)
5.510147350558063,40.96499473708083,2.137271551026663,1.2493415967274188,9.897971930656409,0.7526468529547115,0.1534406737591134,9.33528572381741,18.177719077902232,2.124049633054897,8.503787676987605,0.8908534745743246,0.3024897209003207
