PV (%),Wind (%),CSP (%),Other renewables (%),Hydraulic (%),Pumped hydropower (%),Batteries (%),Cogeneration (%),Combined cycle (%),Fuel & Gas (%),Nuclear (%),No renewable residues (%),Renewable residues (%)
13.806003978120836,15.129778700436976,21.422771642193602,1.2850733355650166,11.993405123008607,0.0,0.0,6.283115445634404,18.448655444966544,2.5590244424116344,7.916775601786802,0.8446364715386362,0.3107598143369518
