PV (%),Wind (%),CSP (%),Other renewables (%),Hydraulic (%),Pumped hydropower (%),Batteries (%),Cogeneration (%),Combined cycle (%),Fuel & Gas (%),Nuclear (%),No renewable residues (%),Renewable residues (%)
6.404203814727227,31.538880320101477,2.7965709899058218,1.16525900469436,8.63597484875052,0.17491423672861892,0.029509996180112682,6.351418177301851,30.57899118502994,2.108730796947119,8.962552833780213,0.9359741144941393,0.31701968135859404
