month (MWh),Import & export (MWh)
1,0.012247313696383141
2,0.018268829447097103
3,0
4,0
5,0
6,0
7,0
8,0
9,0.002006460364326158
10,0
11,0
12,0
