PV (%),Wind (%),CSP (%),Other renewables (%),Hydraulic (%),Pumped hydropower (%),Batteries (%),Cogeneration (%),Combined cycle (%),Fuel & Gas (%),Nuclear (%),No renewable residues (%),Renewable residues (%)
13.193658829966376,47.15246309693125,17.904545184999957,0.953514317555796,9.145182527579351,1.975223391242644,0.7438817881631947,1.9438447167761226,5.652890829916948,0.4478510803925709,0.0,0.6526730503273109,0.23427118614847037
