PV (%),Wind (%),CSP (%),Other renewables (%),Hydraulic (%),Pumped hydropower (%),Batteries (%),Cogeneration (%),Combined cycle (%),Fuel & Gas (%),Nuclear (%),No renewable residues (%),Renewable residues (%)
13.147777793953173,47.60690411720219,18.0421666678243,0.9623048627980667,9.229492893220826,1.3455877457766148,0.6885558880208431,1.9617652184530883,5.668343882420782,0.45197986494410475,0.0,0.6586901094020189,0.23643095598399574
