PV (%),Wind (%),CSP (%),Other renewables (%),Hydraulic (%),Pumped hydropower (%),Batteries (%),Cogeneration (%),Combined cycle (%),Fuel & Gas (%),Nuclear (%),No renewable residues (%),Renewable residues (%)
23.70954398534761,41.48272568484354,12.18580707575625,0.946305399502257,9.076041592606323,2.106393925769373,1.6470902471636621,1.9291485375850599,5.592239776845265,0.44446516192307706,0.0,0.6477386026227145,0.23250001003485016
