PV (%),Wind (%),CSP (%),Other renewables (%),Hydraulic (%),Pumped hydropower (%),Batteries (%),Cogeneration (%),Combined cycle (%),Fuel & Gas (%),Nuclear (%),No renewable residues (%),Renewable residues (%)
12.54931869641452,49.52604471415158,16.848795926971007,0.9589381275122624,9.197202440792543,1.2633700955651737,0.6628967737436009,1.954901755075978,5.696143528445967,0.4503985609118713,0.0,0.6563856055805521,0.2356037748349228
