PV (%),Wind (%),CSP (%),Other renewables (%),Hydraulic (%),Pumped hydropower (%),Batteries (%),Cogeneration (%),Combined cycle (%),Fuel & Gas (%),Nuclear (%),No renewable residues (%),Renewable residues (%)
22.053975902604535,43.03814953258854,11.411606945707815,0.953228451658039,9.14244077974687,2.803461559622404,1.6618959189586875,1.9432619474303139,5.657583819677632,0.44771681355587983,0.0,0.6524773773688263,0.23420095108045527
