month (MWh),Import & export (MWh)
1,0.08342969391010742
2,0
3,0
4,0
5,0
6,0
7,0
8,0
9,0.016767768268109134
10,0.014060651728799002
11,0.01970394366677765
12,0.015774787277721372
