month (MWh),Import & export (MWh)
1,0.09595782815585314
2,0
3,0
4,0
5,0
6,0
7,0
8,0
9,0.019101160058462092
10,0.019497949126051444
11,0.025284455631532712
12,0.018330674706741414
