month (MWh),Import & export (MWh)
1,0.10396155091282665
2,0
3,0
4,0
5,0
6,0
7,0
8,0
9,0.016914502183738477
10,0.01553943481520209
11,0.032546844173076135
12,0.024474837683293314
