month (MWh),Import & export (MWh)
1,0.10040957453943236
2,0
3,0
4,0
5,0
6,0
7,0
8,0
9,0.017164158446953896
10,0.014182253292106074
11,0.03699514547227262
12,0.030011098491044545
