month (MWh),Import & export (MWh)
1,0.10146834119015938
2,0
3,0
4,0
5,0
6,0
7,0
8,0
9,0.019409969071871997
10,0.018715840330807285
11,0.02876672015260094
12,0.02048888398173562
