PV (%),Wind (%),CSP (%),Other renewables (%),Hydraulic (%),Pumped hydropower (%),Batteries (%),Cogeneration (%),Combined cycle (%),Fuel & Gas (%),Nuclear (%),No renewable residues (%),Renewable residues (%)
13.400962848867463,48.96345828321116,15.014569363250224,0.7366130576416865,14.609934690230105,1.9082523786038268,0.9650144382160357,1.8239570781290881,1.3922964319957938,0.3924196914130011,0.0,0.5521664546239463,0.24035528381767313
