PV (%),Wind (%),CSP (%),Other renewables (%),Hydraulic (%),Pumped hydropower (%),Batteries (%),Cogeneration (%),Combined cycle (%),Fuel & Gas (%),Nuclear (%),No renewable residues (%),Renewable residues (%)
30.550304784528056,26.575876882659724,18.47685947462064,0.9981571267445165,12.16807071022967,2.4095475371316257,2.1796501256656917,1.96901790933255,3.3996253039013395,0.45563365615521173,0.0,0.6125290036312733,0.20472748539969698
