PV (%),Wind (%),CSP (%),Other renewables (%),Hydraulic (%),Pumped hydropower (%),Batteries (%),Cogeneration (%),Combined cycle (%),Fuel & Gas (%),Nuclear (%),No renewable residues (%),Renewable residues (%)
15.732383460875429,56.13364678352356,3.42406280706684,0.9336507677040988,6.91947842919616,1.484211015586999,0.781832421380589,1.957308808717807,11.207078964455743,0.42239925190866945,0.0,0.7499388093360656,0.25400848024804173
