PV (%),Wind (%),CSP (%),Other renewables (%),Hydraulic (%),Pumped hydropower (%),Batteries (%),Cogeneration (%),Combined cycle (%),Fuel & Gas (%),Nuclear (%),No renewable residues (%),Renewable residues (%)
10.66163726472675,59.38059216839047,10.94819337163954,1.0371085032895444,8.21656559992505,1.4035870113189388,0.6979736717211893,1.9381720426255244,4.285277433098019,0.440345381588552,0.0,0.7394818772855578,0.25106567439087146
