PV (%),Wind (%),CSP (%),Other renewables (%),Hydraulic (%),Pumped hydropower (%),Batteries (%),Cogeneration (%),Combined cycle (%),Fuel & Gas (%),Nuclear (%),No renewable residues (%),Renewable residues (%)
20.97661111367456,48.68008056019992,10.22660801207305,1.0177072703579857,4.999600172967996,2.5354912971510757,1.6654950485098994,2.156007861964228,6.262958815537261,0.48099226186711846,0.0,0.729843911525782,0.2686036741711374
