PV (%),Wind (%),CSP (%),Other renewables (%),Hydraulic (%),Pumped hydropower (%),Batteries (%),Cogeneration (%),Combined cycle (%),Fuel & Gas (%),Nuclear (%),No renewable residues (%),Renewable residues (%)
30.281605644389327,22.68647183541038,26.243606751540973,0.9550359538279308,8.913213576454144,2.71419610468608,3.353454351094268,1.7959469365446856,1.7223542599118289,0.4754515329183584,0.0,0.6277137466859747,0.23094930653602838
