PV (%),Wind (%),CSP (%),Other renewables (%),Hydraulic (%),Pumped hydropower (%),Batteries (%),Cogeneration (%),Combined cycle (%),Fuel & Gas (%),Nuclear (%),No renewable residues (%),Renewable residues (%)
17.503588903516793,32.42146226284411,26.55295712441197,1.1894791532219242,7.154759659508776,0.8761474577342551,0.4036314612703442,2.2385999043541864,10.063942064927009,0.5588360459924607,0.0,0.7490397872839233,0.2875561749342486
