PV (%),Wind (%),CSP (%),Other renewables (%),Hydraulic (%),Pumped hydropower (%),Batteries (%),Cogeneration (%),Combined cycle (%),Fuel & Gas (%),Nuclear (%),No renewable residues (%),Renewable residues (%)
16.53280603256732,34.95168319190675,33.37740381904591,1.0197767477685082,6.7623033231777,1.756338022933747,1.072106842843021,1.898681030763715,1.1680877130310199,0.5342881274978495,0.0,0.6702556050647377,0.25626954339973057
