PV (%),Wind (%),CSP (%),Other renewables (%),Hydraulic (%),Pumped hydropower (%),Batteries (%),Cogeneration (%),Combined cycle (%),Fuel & Gas (%),Nuclear (%),No renewable residues (%),Renewable residues (%)
28.641875629441184,26.88516986990814,17.583930436869444,1.0238672208950914,12.481490546855184,3.979829352745218,2.242082810143319,2.0197350103547276,3.8363424306749594,0.4673696683361071,0.0,0.6283062574637239,0.21000076631289724
