PV (%),Wind (%),CSP (%),Other renewables (%),Hydraulic (%),Pumped hydropower (%),Batteries (%),Cogeneration (%),Combined cycle (%),Fuel & Gas (%),Nuclear (%),No renewable residues (%),Renewable residues (%)
29.46193956589013,32.60812260957021,15.628244119528846,0.9112310512409176,11.006941126805597,2.1648950945698058,1.7150150540785953,1.8910151772028743,3.6207860232709104,0.4172258008198457,0.0,0.46331463618403185,0.11126974083824295
