PV (%),Wind (%),CSP (%),Other renewables (%),Hydraulic (%),Pumped hydropower (%),Batteries (%),Cogeneration (%),Combined cycle (%),Fuel & Gas (%),Nuclear (%),No renewable residues (%),Renewable residues (%)
15.841521502826327,25.635825405797668,39.161688084202304,0.9933403599195771,9.270703104513931,3.205038547354428,1.4916715398007192,1.8679784454116808,1.1446100019935281,0.4945208554091029,0.0,0.6528899739955283,0.2402121787752174
