PV (%),Wind (%),CSP (%),Other renewables (%),Hydraulic (%),Pumped hydropower (%),Batteries (%),Cogeneration (%),Combined cycle (%),Fuel & Gas (%),Nuclear (%),No renewable residues (%),Renewable residues (%)
16.517769869812795,37.79707663767686,23.63074345618428,0.9331067778498688,11.271182379957493,1.1489928667278615,0.6760339490200996,1.9364123692471238,5.0730613434218,0.42724205031058277,0.0,0.4744373303693158,0.11394096942193913
