PV (%),Wind (%),CSP (%),Other renewables (%),Hydraulic (%),Pumped hydropower (%),Batteries (%),Cogeneration (%),Combined cycle (%),Fuel & Gas (%),Nuclear (%),No renewable residues (%),Renewable residues (%)
9.361427655022865,57.35958639359693,5.770959762373728,1.0628159438676479,8.803709947476687,1.0506331523029842,0.6296523347528731,2.2416589902382835,12.255068299388308,0.4633919892612011,0.0,0.7144710280073808,0.28662450371111386
