PV (%),Wind (%),CSP (%),Other renewables (%),Hydraulic (%),Pumped hydropower (%),Batteries (%),Cogeneration (%),Combined cycle (%),Fuel & Gas (%),Nuclear (%),No renewable residues (%),Renewable residues (%)
16.122491478546728,51.01608705519928,3.8863190844142728,1.0657853856725674,8.82830696684515,2.087905500142441,1.4147367500439743,2.2479220463736325,11.861866524512559,0.46468667772811445,0.0,0.7164672157303918,0.2874253147909109
