PV (%),Wind (%),CSP (%),Other renewables (%),Hydraulic (%),Pumped hydropower (%),Batteries (%),Cogeneration (%),Combined cycle (%),Fuel & Gas (%),Nuclear (%),No renewable residues (%),Renewable residues (%)
16.839933191528935,62.86960987535567,5.072170509677157,0.651412557514962,10.566036215077782,0.6508956157966346,0.19727492528536542,1.4031189852214525,0.6993953562095684,0.32084425902996605,0.0,0.5440439282975912,0.18526458100496015
