PV (%),Wind (%),CSP (%),Other renewables (%),Hydraulic (%),Pumped hydropower (%),Batteries (%),Cogeneration (%),Combined cycle (%),Fuel & Gas (%),Nuclear (%),No renewable residues (%),Renewable residues (%)
27.656889462620477,29.029122077728683,16.55819161953666,1.1796884675485175,7.095868334927529,3.2009578128142184,1.9108932743003022,2.2201738327810254,9.565915221400726,0.5542362276144241,0.0,0.7428743886770559,0.2851892800503808
