PV (%),Wind (%),CSP (%),Other renewables (%),Hydraulic (%),Pumped hydropower (%),Batteries (%),Cogeneration (%),Combined cycle (%),Fuel & Gas (%),Nuclear (%),No renewable residues (%),Renewable residues (%)
16.042291444020833,24.21205692087753,37.62495935581402,0.9501663388419419,8.867766158237844,6.093104696711249,2.000692098004413,1.7867896162561818,1.094861277039131,0.4730272619780543,0.0,0.6245131087879756,0.22977172343080193
