PV (%),Wind (%),CSP (%),Other renewables (%),Hydraulic (%),Pumped hydropower (%),Batteries (%),Cogeneration (%),Combined cycle (%),Fuel & Gas (%),Nuclear (%),No renewable residues (%),Renewable residues (%)
16.807847441248764,33.951321981539344,24.98486598124252,1.1918050069492867,7.168749752884836,0.7569791513566511,0.31926873544461276,2.242977161338903,10.977633144208646,0.5599287687165501,0.0,0.7505044257994267,0.28811844927044467
