PV (%),Wind (%),CSP (%),Other renewables (%),Hydraulic (%),Pumped hydropower (%),Batteries (%),Cogeneration (%),Combined cycle (%),Fuel & Gas (%),Nuclear (%),No renewable residues (%),Renewable residues (%)
29.18056409583237,27.876133706011256,17.60702861853958,1.16709291315287,7.020105624639563,2.9253300841037446,2.0849030642249975,2.1964689979472167,8.376967242867327,0.5483186377209984,0.0,0.7349427058395017,0.28214430912056
