PV (%),Wind (%),CSP (%),Other renewables (%),Hydraulic (%),Pumped hydropower (%),Batteries (%),Cogeneration (%),Combined cycle (%),Fuel & Gas (%),Nuclear (%),No renewable residues (%),Renewable residues (%)
9.381961134649078,60.95309909161551,5.470799737253425,0.9431014053653742,6.989519054343559,0.763460867976819,0.5243776674879118,1.977121159312132,11.555775517701406,0.42667487874502824,0.0,0.7575298703626545,0.2565796151870924
