PV (%),Wind (%),CSP (%),Other renewables (%),Hydraulic (%),Pumped hydropower (%),Batteries (%),Cogeneration (%),Combined cycle (%),Fuel & Gas (%),Nuclear (%),No renewable residues (%),Renewable residues (%)
17.197995794091018,48.77815440543017,4.123984053999336,1.0714024902113861,8.874835586772,2.3670210635455176,1.3150119328817829,2.259769472036753,12.535506007747024,0.467135757703956,0.0,0.7202432773122969,0.2889401582687698
