PV (%),Wind (%),CSP (%),Other renewables (%),Hydraulic (%),Pumped hydropower (%),Batteries (%),Cogeneration (%),Combined cycle (%),Fuel & Gas (%),Nuclear (%),No renewable residues (%),Renewable residues (%)
15.511957493658555,27.386382342729984,37.41283121886515,1.0135120121787318,9.458962241832442,3.0908272717321883,1.4580535727920831,1.905911276039333,1.3457612558267424,0.50456303544397,0.0,0.6661481381156216,0.2450901407851974
