PV (%),Wind (%),CSP (%),Other renewables (%),Hydraulic (%),Pumped hydropower (%),Batteries (%),Cogeneration (%),Combined cycle (%),Fuel & Gas (%),Nuclear (%),No renewable residues (%),Renewable residues (%)
18.385643634012244,52.217749811078484,7.36386688440562,1.029346583251795,8.15507123846793,2.498425620965026,1.8016857175558194,1.9236663892955752,5.204360266352789,0.43704975183521233,0.0,0.7339474523120381,0.2491866504674686
