PV (%),Wind (%),CSP (%),Other renewables (%),Hydraulic (%),Pumped hydropower (%),Batteries (%),Cogeneration (%),Combined cycle (%),Fuel & Gas (%),Nuclear (%),No renewable residues (%),Renewable residues (%)
8.878020118814618,59.10983069672279,4.105342237582727,1.064447838512827,7.845828754719484,1.2240051461324346,0.4067343124817533,2.2452573595363363,13.66773643146144,0.4557704891284618,0.0,0.7350405901916593,0.26198602471547455
