PV (%),Wind (%),CSP (%),Other renewables (%),Hydraulic (%),Pumped hydropower (%),Batteries (%),Cogeneration (%),Combined cycle (%),Fuel & Gas (%),Nuclear (%),No renewable residues (%),Renewable residues (%)
16.013933302479245,36.92357500097469,31.60584971430278,1.0300385620155916,6.830351060819034,1.725671445956488,1.0735315918344492,1.917787087157718,1.4037490798032626,0.5396645645766537,0.0,0.6770002563154075,0.25884833376468785
