PV (%),Wind (%),CSP (%),Other renewables (%),Hydraulic (%),Pumped hydropower (%),Batteries (%),Cogeneration (%),Combined cycle (%),Fuel & Gas (%),Nuclear (%),No renewable residues (%),Renewable residues (%)
17.367929953429847,31.07616466824785,27.458254348551083,1.0200805312358698,12.435328769018277,2.183912548062688,0.7408177517606871,2.0122651846566333,4.4043984919971075,0.46564113962261333,0.0,0.6259825178621354,0.20922409555520807
