PV (%),Wind (%),CSP (%),Other renewables (%),Hydraulic (%),Pumped hydropower (%),Batteries (%),Cogeneration (%),Combined cycle (%),Fuel & Gas (%),Nuclear (%),No renewable residues (%),Renewable residues (%)
22.511560073409044,46.62515118111939,10.996606532529377,1.01748740390414,4.9985200545560575,2.3139621166745252,1.6181048402899003,2.1555420759598625,6.283945493595927,0.4808883478379824,0.0,0.7296862353478063,0.2685456447759959
