PV (%),Wind (%),CSP (%),Other renewables (%),Hydraulic (%),Pumped hydropower (%),Batteries (%),Cogeneration (%),Combined cycle (%),Fuel & Gas (%),Nuclear (%),No renewable residues (%),Renewable residues (%)
27.980731082661855,21.34425942473923,25.495297663228087,0.998721964956357,9.320928852439629,6.01044569356421,3.497532859682886,1.878098563969269,2.0788431824046274,0.49720001356439797,0.0,0.6564271261281587,0.24151357266129408
