PV (%),Wind (%),CSP (%),Other renewables (%),Hydraulic (%),Pumped hydropower (%),Batteries (%),Cogeneration (%),Combined cycle (%),Fuel & Gas (%),Nuclear (%),No renewable residues (%),Renewable residues (%)
16.760619994174974,54.002786628427245,3.7189382213402604,0.9434647792201161,6.992212092936354,1.6343776883295187,0.7892274673011253,1.9778829375608589,11.7391506969607,0.42683927516574083,0.0,0.7578217441182334,0.25667847446488407
