PV (%),Wind (%),CSP (%),Other renewables (%),Hydraulic (%),Pumped hydropower (%),Batteries (%),Cogeneration (%),Combined cycle (%),Fuel & Gas (%),Nuclear (%),No renewable residues (%),Renewable residues (%)
16.56065646597249,34.055148555666065,32.62729397920488,0.9947404053903551,6.59628331768682,3.530194007635679,1.0353560107422006,1.852066878737672,1.3233112481760285,0.5211709226607227,0.0,0.6538002888928434,0.24997791923425677
