PV (%),Wind (%),CSP (%),Other renewables (%),Hydraulic (%),Pumped hydropower (%),Batteries (%),Cogeneration (%),Combined cycle (%),Fuel & Gas (%),Nuclear (%),No renewable residues (%),Renewable residues (%)
15.668069491564205,51.83172059263201,2.8415018056255694,1.05881145661304,7.804284128875051,2.0035334712376063,1.0978211927232218,2.2333684463516983,14.015785049248501,0.45335712847100595,0.0,0.7311484600860136,0.26059877657209296
