PV (%),Wind (%),CSP (%),Other renewables (%),Hydraulic (%),Pumped hydropower (%),Batteries (%),Cogeneration (%),Combined cycle (%),Fuel & Gas (%),Nuclear (%),No renewable residues (%),Renewable residues (%)
8.836167582828045,62.64780837217532,5.048328858614821,0.9291052542393036,6.88579069127825,0.692732799954662,0.5646984847375096,1.9477795780326899,11.028186057798797,0.42034278545088277,0.0,0.7462877043688495,0.2527718305208864
