PV (%),Wind (%),CSP (%),Other renewables (%),Hydraulic (%),Pumped hydropower (%),Batteries (%),Cogeneration (%),Combined cycle (%),Fuel & Gas (%),Nuclear (%),No renewable residues (%),Renewable residues (%)
8.836641277705683,69.40446700265366,7.1628795145591635,0.6404103938682435,10.387579017416575,0.35468078740631315,0.11392250302479792,1.3794207243986722,0.6875827774159889,0.31542529526846885,0.0,0.5348551887483138,0.18213551753413432
