PV (%),Wind (%),CSP (%),Other renewables (%),Hydraulic (%),Pumped hydropower (%),Batteries (%),Cogeneration (%),Combined cycle (%),Fuel & Gas (%),Nuclear (%),No renewable residues (%),Renewable residues (%)
18.308004194855588,60.90519413772383,5.412506041860669,0.6625440245534353,10.74659073847251,0.5584841702929557,0.19009825916454443,1.427095760852908,0.7213846850106657,0.3263269093913593,0.0,0.5533406588955228,0.1884304189260474
