PV (%),Wind (%),CSP (%),Other renewables (%),Hydraulic (%),Pumped hydropower (%),Batteries (%),Cogeneration (%),Combined cycle (%),Fuel & Gas (%),Nuclear (%),No renewable residues (%),Renewable residues (%)
12.836424843135864,51.08194926733129,14.041518869239443,0.7357294720828259,14.59240971266656,1.4992482912098113,0.7597978769049815,1.821769196557485,1.4476324075332987,0.3919489742993849,0.0,0.5515041173217065,0.24006697171734587
