PV (%),Wind (%),CSP (%),Other renewables (%),Hydraulic (%),Pumped hydropower (%),Batteries (%),Cogeneration (%),Combined cycle (%),Fuel & Gas (%),Nuclear (%),No renewable residues (%),Renewable residues (%)
9.46442654264744,67.75259920060361,7.7420647466385635,0.6536267967659358,10.601951599030292,0.483114471337935,0.13883319196450788,1.4078883761320549,0.7017726954729929,0.3219348519938229,0.0,0.545893207078593,0.1858943203342745
