PV (%),Wind (%),CSP (%),Other renewables (%),Hydraulic (%),Pumped hydropower (%),Batteries (%),Cogeneration (%),Combined cycle (%),Fuel & Gas (%),Nuclear (%),No renewable residues (%),Renewable residues (%)
11.245603922852851,57.488539293830314,11.89942996413019,1.0470689881757038,8.295478247169386,1.5377799861682089,0.681074188146192,1.956786424125739,4.403603625581935,0.4445744988931455,0.0,0.7465839288442222,0.2534769320821079
