PV (%),Wind (%),CSP (%),Other renewables (%),Hydraulic (%),Pumped hydropower (%),Batteries (%),Cogeneration (%),Combined cycle (%),Fuel & Gas (%),Nuclear (%),No renewable residues (%),Renewable residues (%)
13.480427476080827,49.175591714442064,15.085128626374495,0.7400746870299597,14.678592418680328,1.5721485702687303,0.8461586514807247,1.8325285572239804,1.3988393709189983,0.39426382317558667,0.0,0.554761298153688,0.24148480617063514
