PV (%),Wind (%),CSP (%),Other renewables (%),Hydraulic (%),Pumped hydropower (%),Batteries (%),Cogeneration (%),Combined cycle (%),Fuel & Gas (%),Nuclear (%),No renewable residues (%),Renewable residues (%)
12.532981508386616,53.291436529295936,16.253605519934943,1.0296704679830238,5.0583707120586245,1.6528125374007763,0.8489372568389538,2.181351837471783,5.6540028969173255,0.4866463489041564,0.0,0.7384232616034742,0.2717611232043847
