PV (%),Wind (%),CSP (%),Other renewables (%),Hydraulic (%),Pumped hydropower (%),Batteries (%),Cogeneration (%),Combined cycle (%),Fuel & Gas (%),Nuclear (%),No renewable residues (%),Renewable residues (%)
9.470928202015443,67.79856839820802,7.747326752524984,0.6540710436386578,10.609157368233639,0.41565146655461804,0.1387632786586511,1.4088452677578769,0.7022496653996668,0.32215365965581916,0.0,0.5462642312643894,0.1860206660882642
