PV (%),Wind (%),CSP (%),Other renewables (%),Hydraulic (%),Pumped hydropower (%),Batteries (%),Cogeneration (%),Combined cycle (%),Fuel & Gas (%),Nuclear (%),No renewable residues (%),Renewable residues (%)
29.547393566821853,30.128440510756874,22.195095090751643,0.988286316479815,6.553485218021051,2.5635677636785936,2.6974814366497104,1.8400502719537657,2.070496069408113,0.517789454034121,0.0,0.6495582925173213,0.2483560089271384
