PV (%),Wind (%),CSP (%),Other renewables (%),Hydraulic (%),Pumped hydropower (%),Batteries (%),Cogeneration (%),Combined cycle (%),Fuel & Gas (%),Nuclear (%),No renewable residues (%),Renewable residues (%)
27.62080807853416,33.794036900135495,14.757046214298546,0.9241972112742152,11.163561953030616,2.9582305198023375,1.8427007634615322,1.9179229580336707,4.0155724807532795,0.42316262276646804,0.0,0.46990726898594337,0.11285302892374824
