PV (%),Wind (%),CSP (%),Other renewables (%),Hydraulic (%),Pumped hydropower (%),Batteries (%),Cogeneration (%),Combined cycle (%),Fuel & Gas (%),Nuclear (%),No renewable residues (%),Renewable residues (%)
15.895586754982839,39.54969121903444,22.255236129576787,0.9359796104344914,11.305883896200875,1.1073360776076093,0.5969423159701301,1.9423741612774614,5.3922226109073295,0.42855743555136033,0.0,0.47589801960060296,0.11429176885609725
