PV (%),Wind (%),CSP (%),Other renewables (%),Hydraulic (%),Pumped hydropower (%),Batteries (%),Cogeneration (%),Combined cycle (%),Fuel & Gas (%),Nuclear (%),No renewable residues (%),Renewable residues (%)
19.773305240931325,49.984698396456366,8.113979878945432,1.0300526257108307,8.160664909875113,2.427196776636337,1.7154006870725558,1.9249858575582197,5.448557649277515,0.43734953005037075,0.0,0.734450876593485,0.24935757089244256
