PV (%),Wind (%),CSP (%),Other renewables (%),Hydraulic (%),Pumped hydropower (%),Batteries (%),Cogeneration (%),Combined cycle (%),Fuel & Gas (%),Nuclear (%),No renewable residues (%),Renewable residues (%)
17.588743933517495,32.363828567436784,26.431380454941745,1.1831851206229367,7.116900828260755,1.1220876485241211,0.2624081496040323,2.226754534272726,10.117720853860305,0.5558790103172759,0.0,0.7450763039169945,0.286034594724815
