PV (%),Wind (%),CSP (%),Other renewables (%),Hydraulic (%),Pumped hydropower (%),Batteries (%),Cogeneration (%),Combined cycle (%),Fuel & Gas (%),Nuclear (%),No renewable residues (%),Renewable residues (%)
14.509573114981219,54.24152638957209,2.5749522955073227,1.0542316712734339,7.770527461607892,1.9320539302334878,1.2017791488115435,2.2237082296958843,13.052794050700543,0.45139617657762626,0.0,0.7279859489725726,0.2594715820663951
