PV (%),Wind (%),CSP (%),Other renewables (%),Hydraulic (%),Pumped hydropower (%),Batteries (%),Cogeneration (%),Combined cycle (%),Fuel & Gas (%),Nuclear (%),No renewable residues (%),Renewable residues (%)
8.354465085176253,61.00997050883183,3.7704881994745265,1.053411801456737,7.76448436776127,1.1691752349250368,0.48878271691516356,2.221978864786494,12.729508501185226,0.4510451284061164,0.0,0.7274197985496574,0.2592697925316813
