PV (%),Wind (%),CSP (%),Other renewables (%),Hydraulic (%),Pumped hydropower (%),Batteries (%),Cogeneration (%),Combined cycle (%),Fuel & Gas (%),Nuclear (%),No renewable residues (%),Renewable residues (%)
11.3058952266592,57.329015212270285,11.848792270570932,1.0420264779766217,8.25552860283841,1.6773259638368736,0.6185329286834557,1.9473628659719726,4.537842215132633,0.4424335020054177,0.0,0.7429885047430588,0.25225622931114444
