PV (%),Wind (%),CSP (%),Other renewables (%),Hydraulic (%),Pumped hydropower (%),Batteries (%),Cogeneration (%),Combined cycle (%),Fuel & Gas (%),Nuclear (%),No renewable residues (%),Renewable residues (%)
16.528834981307142,37.49471219005041,23.470963677604928,0.9263407551454803,11.189454245837814,1.714489392147203,0.7005184038322032,1.9223713073168107,5.04405903106138,0.4241440882324035,0.0,0.4709971520046434,0.113114775459609
