PV (%),Wind (%),CSP (%),Other renewables (%),Hydraulic (%),Pumped hydropower (%),Batteries (%),Cogeneration (%),Combined cycle (%),Fuel & Gas (%),Nuclear (%),No renewable residues (%),Renewable residues (%)
24.939577146972816,42.60075477347842,10.128011277288786,0.7169563570801869,14.220064990732306,1.7858049091864927,1.2798503854855832,1.7752843350248633,1.4003748483048595,0.38194787545953796,0.0,0.5374317570156839,0.23394134397046984
