PV (%),Wind (%),CSP (%),Other renewables (%),Hydraulic (%),Pumped hydropower (%),Batteries (%),Cogeneration (%),Combined cycle (%),Fuel & Gas (%),Nuclear (%),No renewable residues (%),Renewable residues (%)
16.81691682234483,33.111881045429335,26.239250953496956,1.041233037793308,12.693189168541712,1.199441492669311,0.5407406658199533,2.0539917456588177,4.975532787427037,0.4752967275469778,0.0,0.6389629629431511,0.21356259032859995
