PV (%),Wind (%),CSP (%),Other renewables (%),Hydraulic (%),Pumped hydropower (%),Batteries (%),Cogeneration (%),Combined cycle (%),Fuel & Gas (%),Nuclear (%),No renewable residues (%),Renewable residues (%)
23.191467127112045,44.34124757193497,9.451290913730315,0.7198801765344796,14.278055832504785,2.235729608139174,1.3946689354987203,1.7825241214140735,1.4471113788388055,0.38350549694899977,0.0,0.5396234572649383,0.2348953800786785
