PV (%),Wind (%),CSP (%),Other renewables (%),Hydraulic (%),Pumped hydropower (%),Batteries (%),Cogeneration (%),Combined cycle (%),Fuel & Gas (%),Nuclear (%),No renewable residues (%),Renewable residues (%)
9.86022850647845,55.666615088065846,6.224496013925426,1.0756896671936877,8.910347909355659,1.103337338634565,0.637717243045784,2.268811855038787,12.770529748955488,0.4690049839623748,0.0,0.7231253038414135,0.29009634150253105
