PV (%),Wind (%),CSP (%),Other renewables (%),Hydraulic (%),Pumped hydropower (%),Batteries (%),Cogeneration (%),Combined cycle (%),Fuel & Gas (%),Nuclear (%),No renewable residues (%),Renewable residues (%)
11.956471666678482,55.34047538120013,15.152126693354068,1.025687038434699,5.038801671295258,1.3058678466340825,0.8279663439348638,2.1729129615062535,5.688650370043151,0.48476368692045746,0.0,0.73556656411539,0.2707097758831599
