PV (%),Wind (%),CSP (%),Other renewables (%),Hydraulic (%),Pumped hydropower (%),Batteries (%),Cogeneration (%),Combined cycle (%),Fuel & Gas (%),Nuclear (%),No renewable residues (%),Renewable residues (%)
12.512462143710517,53.49993718014755,16.2761739192681,1.0320670042884517,5.070143963244033,1.3793090751639487,0.8760508604838992,2.1864288878835065,5.6671123901233145,0.48777900802114293,0.0,0.7401419261764921,0.2723936414890345
