PV (%),Wind (%),CSP (%),Other renewables (%),Hydraulic (%),Pumped hydropower (%),Batteries (%),Cogeneration (%),Combined cycle (%),Fuel & Gas (%),Nuclear (%),No renewable residues (%),Renewable residues (%)
27.806338938137287,30.31362079844592,21.23730881367671,1.0171576125465656,6.744935417061041,4.616240124689031,2.4295000415247276,1.8938045689559815,2.4840322767618006,0.5329158929803851,0.0,0.6685341595946669,0.2556113556258887
