PV (%),Wind (%),CSP (%),Other renewables (%),Hydraulic (%),Pumped hydropower (%),Batteries (%),Cogeneration (%),Combined cycle (%),Fuel & Gas (%),Nuclear (%),No renewable residues (%),Renewable residues (%)
17.43842851974595,31.45348976909143,27.788307178114785,1.0333179288416727,12.596699745361626,1.293596574489411,0.5798206624448855,2.0383779801879256,4.460233026432458,0.47168367912617193,0.0,0.6341057779670837,0.21193915819660888
