month (MWh),Import & export (MWh)
1,0.031224893191247258
2,0
3,0
4,0
5,0
6,0
7,0
8,0
9,0
10,0.012855777482274447
11,0.04701981985953269
12,0.15927039470804494
