PV (%),Wind (%),CSP (%),Other renewables (%),Hydraulic (%),Pumping turbidity (%),Thermal (%),Cogeneration (%),Combined cycle (%),Fuel & Gas (%),Nuclear (%),No renewable residues (%),Renewable residues (%)
11.7485023757259,28.9843598567138,4.18552385330479,1.224962510725717,11.748649751526182,0.7667738801947143,0.1537946462987938,9.988887889284008,19.569745418142716,2.3013845676703464,8.187974112736034,0.8384772034271748,0.3009639342498173
