PV (%),Wind (%),CSP (%),Other renewables (%),Hydraulic (%),Pumping turbidity (%),Thermal (%),Cogeneration (%),Combined cycle (%),Fuel & Gas (%),Nuclear (%),No renewable residues (%),Renewable residues (%)
12.134966492498304,17.510731984149047,16.468300069131967,1.2734781930930892,15.38259641016169,1.8003959846231004,0.39820658740438425,10.571047102472965,14.04836582449975,2.332352297329245,7.2765567060736105,0.6474988806820511,0.1555034678807916
