PV (%),Wind (%),CSP (%),Other renewables (%),Hydraulic (%),Pumping turbidity (%),Thermal (%),Cogeneration (%),Combined cycle (%),Fuel & Gas (%),Nuclear (%),No renewable residues (%),Renewable residues (%)
6.550824162792378,28.20326879971438,3.6127647317419767,1.1659062241652818,8.64077152575536,0.1443257823542639,0.017189898819962943,9.776839913319145,29.556986264921566,2.1099020486819007,8.967530901900535,0.9364939823250154,0.3171957635082399
