PV (%),Wind (%),CSP (%),Other renewables (%),Hydraulic (%),Pumping turbidity (%),Thermal (%),Cogeneration (%),Combined cycle (%),Fuel & Gas (%),Nuclear (%),No renewable residues (%),Renewable residues (%)
4.69425650438681,27.175222355685754,9.928963679671302,1.2583519709391149,9.969382648220018,0.0,0.0,9.406547539128665,25.663144196987712,2.1371321402084456,8.565140663536194,0.8972334859897003,0.3046248152462681
