PV (%),Wind (%),CSP (%),Other renewables (%),Hydraulic (%),Pumping turbidity (%),Thermal (%),Cogeneration (%),Combined cycle (%),Fuel & Gas (%),Nuclear (%),No renewable residues (%),Renewable residues (%)
9.243543782826173,47.549878986950766,2.123004839455503,0.9986838026055177,16.198842199168265,1.4511792598835171,0.36147617004477284,8.604514527718605,3.0006705047536935,1.9675516595784202,7.382547796790495,0.8340764279543421,0.2840300422699511
