PV (%),Wind (%),CSP (%),Other renewables (%),Hydraulic (%),Pumping turbidity (%),Thermal (%),Cogeneration (%),Combined cycle (%),Fuel & Gas (%),Nuclear (%),No renewable residues (%),Renewable residues (%)
3.935714537102841,25.457974259336353,4.833261148055776,1.2585775960318752,10.425278399132601,0.007007779875776074,0.0,10.61821399777072,32.05071179597069,2.1949794006380463,8.032792276872096,0.8460705111288125,0.3394182980844386
