PV (%),Wind (%),CSP (%),Other renewables (%),Hydraulic (%),Pumping turbidity (%),Thermal (%),Cogeneration (%),Combined cycle (%),Fuel & Gas (%),Nuclear (%),No renewable residues (%),Renewable residues (%)
15.107065964278695,23.97312206151248,5.6403528422225095,1.2645195504833788,15.274383184057411,1.1492240623932573,0.29836731927067456,10.496682081136045,16.457617118561146,2.315944705283276,7.225367709424463,0.6429438666318074,0.15440953474485705
