PV (%),Wind (%),CSP (%),Other renewables (%),Hydraulic (%),Pumping turbidity (%),Thermal (%),Cogeneration (%),Combined cycle (%),Fuel & Gas (%),Nuclear (%),No renewable residues (%),Renewable residues (%)
12.454588492246028,14.16370934005264,19.035546668813843,1.3178459844954087,16.06524934288905,1.2718631746186078,0.17550558236157657,10.398612706103991,14.695516457314346,2.40625435846353,6.936301237761942,0.8087092364457553,0.27029741843329
