PV (%),Wind (%),CSP (%),Other renewables (%),Hydraulic (%),Pumping turbidity (%),Thermal (%),Cogeneration (%),Combined cycle (%),Fuel & Gas (%),Nuclear (%),No renewable residues (%),Renewable residues (%)
14.101863988120737,13.534657461688743,27.363190550073668,1.2850733355650155,11.993405123008598,0.0001473240754673403,0.0,9.66633145482215,10.42413443257162,2.5590244424116295,7.916775601786796,0.8446364715386354,0.31075981433695155
