PV (%),Wind (%),CSP (%),Other renewables (%),Hydraulic (%),Pumping turbidity (%),Thermal (%),Cogeneration (%),Combined cycle (%),Fuel & Gas (%),Nuclear (%),No renewable residues (%),Renewable residues (%)
7.659746717004482,35.56382413910834,1.2050261937048579,1.1549461686618754,8.559544293623263,0.725128282878749,0.08813643885465638,9.684933115090487,23.14351018750585,2.0900679976398795,8.883231981132953,0.9276905075582205,0.3142139772363769
