PV (%),Wind (%),CSP (%),Other renewables (%),Hydraulic (%),Pumping turbidity (%),Thermal (%),Cogeneration (%),Combined cycle (%),Fuel & Gas (%),Nuclear (%),No renewable residues (%),Renewable residues (%)
8.120170153936673,26.293067073408636,7.736343626293052,1.2583519709391149,9.969382648220018,0.07000599293968901,0.0,9.406547539128665,25.24199989015353,2.1371321402084456,8.565140663536194,0.8972334859897003,0.3046248152462681
