PV (%),Wind (%),CSP (%),Other renewables (%),Hydraulic (%),Pumping turbidity (%),Thermal (%),Cogeneration (%),Combined cycle (%),Fuel & Gas (%),Nuclear (%),No renewable residues (%),Renewable residues (%)
16.881864274150246,17.44952912341005,9.410414641467408,1.2850733355650166,11.993405123008607,0.17513029090850077,0.0,9.666331454822156,21.507055426594,2.5590244424116313,7.916775601786802,0.8446364715386361,0.31075981433695177
