PV (%),Wind (%),CSP (%),Other renewables (%),Hydraulic (%),Pumping turbidity (%),Thermal (%),Cogeneration (%),Combined cycle (%),Fuel & Gas (%),Nuclear (%),No renewable residues (%),Renewable residues (%)
15.313659274521871,21.53931565144612,7.6497670480494255,1.2650962881271302,8.38905657739498,0.26026052354441187,0.031616598454148374,9.421726194925293,23.18330367409614,2.6512702054326938,9.145516066998226,0.8314936381117481,0.3179182588978084
