PV (%),Wind (%),CSP (%),Other renewables (%),Hydraulic (%),Pumping turbidity (%),Thermal (%),Cogeneration (%),Combined cycle (%),Fuel & Gas (%),Nuclear (%),No renewable residues (%),Renewable residues (%)
15.541687119965163,19.275987958510612,6.575731715020526,1.326231166845239,16.16746921290458,0.8806968343076106,0.12458351600190812,10.464776935271734,19.154963037676144,2.4215648589417147,6.980435492747934,0.8138548866168457,0.2720172651899801
