PV (%),Wind (%),CSP (%),Other renewables (%),Hydraulic (%),Pumping turbidity (%),Thermal (%),Cogeneration (%),Combined cycle (%),Fuel & Gas (%),Nuclear (%),No renewable residues (%),Renewable residues (%)
12.288541300839645,31.839707821573093,3.93469652059735,1.0300138410988595,20.429226433571387,1.8479509076963099,0.4951117729205693,10.201834010697421,7.251739973386133,2.194898444886109,7.378087431057135,0.7721002023423319,0.336091339333648
