PV (%),Wind (%),CSP (%),Other renewables (%),Hydraulic (%),Pumping turbidity (%),Thermal (%),Cogeneration (%),Combined cycle (%),Fuel & Gas (%),Nuclear (%),No renewable residues (%),Renewable residues (%)
10.706262416847471,31.825536341610796,3.481385809146221,1.288222458503171,6.3285361261968625,0.9761328317863853,0.2002150528832386,10.916371846355176,20.61745644028195,2.4353762703709583,9.960661019028315,0.9238425875631124,0.3400007994263535
