PV (%),Wind (%),CSP (%),Other renewables (%),Hydraulic (%),Pumping turbidity (%),Thermal (%),Cogeneration (%),Combined cycle (%),Fuel & Gas (%),Nuclear (%),No renewable residues (%),Renewable residues (%)
3.5108857724066747,27.081873744366654,3.51796153988671,1.2491072899974647,9.206916054509644,0.004578490989729513,0.0,10.5390503291759,34.29038278699426,2.1393485709228086,7.289905527453012,0.8625547691798676,0.30743512411727425
