PV (%),Wind (%),CSP (%),Other renewables (%),Hydraulic (%),Pumping turbidity (%),Thermal (%),Cogeneration (%),Combined cycle (%),Fuel & Gas (%),Nuclear (%),No renewable residues (%),Renewable residues (%)
8.021040057839501,31.45617929883656,1.267158462158374,1.257193665190109,10.413814771974414,0.48509025653595594,0.048862866364436396,10.606538218794263,25.043411926994686,2.1925658031775783,8.023959425395544,0.8451401727227008,0.339045074015887
