PV (%),Wind (%),CSP (%),Other renewables (%),Hydraulic (%),Pumped hydropower (%),Batteries (%),Cogeneration (%),Combined cycle (%),Fuel & Gas (%),Nuclear (%),No renewable residues (%),Renewable residues (%)
11.998651647971469,50.22821258870069,13.029549148052503,1.0465720644173928,10.037701984273067,1.0259762620524324,0.3637627071482172,2.133553257341818,8.670956350305469,0.4915588797444415,0.0,0.716370346091505,0.25713476390098244
