PV (%),Wind (%),CSP (%),Other renewables (%),Hydraulic (%),Pumped hydropower (%),Batteries (%),Cogeneration (%),Combined cycle (%),Fuel & Gas (%),Nuclear (%),No renewable residues (%),Renewable residues (%)
14.214352866812085,45.89231884613828,14.475664173855181,1.0546686736850335,10.115356790544743,1.469949910824915,0.38911207261248787,2.1500590935510187,8.762119388369358,0.4953617331901289,0.0,0.7219124114498577,0.2591240389669018
