PV (%),Wind (%),CSP (%),Other renewables (%),Hydraulic (%),Pumped hydropower (%),Batteries (%),Cogeneration (%),Combined cycle (%),Fuel & Gas (%),Nuclear (%),No renewable residues (%),Renewable residues (%)
15.328017683358226,51.4816055918772,8.382166491875584,1.02625828348172,9.842871942330754,1.3721161199579128,0.5159983649891999,2.0921413613455684,8.522196807143066,0.48201780776324726,0.0,0.7024657228227614,0.2521438230547462
