PV (%),Wind (%),CSP (%),Other renewables (%),Hydraulic (%),Pumped hydropower (%),Batteries (%),Cogeneration (%),Combined cycle (%),Fuel & Gas (%),Nuclear (%),No renewable residues (%),Renewable residues (%)
5.944719365523206,57.86543446826877,12.586462742991435,1.0159716077752807,9.74421214750088,0.5949140748921322,0.31293056748430903,2.0711708317405098,8.441956840587865,0.47718631363258124,0.0,0.6954245742134154,0.24961646538963053
