month (MWh),Import & export (MWh)
1,0.0668839749443326
2,0.002450142843847105
3,0
4,0
5,0
6,0
7,0
8,0
9,0.00840533884974776
10,0.006798960853354682
11,0.012569713286893427
12,0.009733217254547911
