month (MWh),Import & export (MWh)
1,0.06375411197295816
2,0
3,0
4,0
5,0
6,0
7,0
8,0
9,0.010063620907177035
10,0.010451612955533703
11,0.010763577083385411
12,0.006939543931060583
