month (MWh),Import & export (MWh)
1,0.045307263230726806
2,0.0016613303328176772
3,0
4,0
5,0
6,0
7,0
8,0
9,0.012018921870281694
10,0.007667672105354923
11,0.004618523137833643
12,0.0033884060253896206
