month (MWh),Import & export (MWh)
1,0.0771927459483895
2,0.0029115071461852096
3,0
4,0
5,0
6,0
7,0
8,0
9,0.01053619930761234
10,0.010351537922646996
11,0.016540382599011708
12,0.011523894618260372
