PV (%),Wind (%),CSP (%),Other renewables (%),Hydraulic (%),Pumped hydropower (%),Batteries (%),Cogeneration (%),Combined cycle (%),Fuel & Gas (%),Nuclear (%),No renewable residues (%),Renewable residues (%)
20.920760873437388,34.812936355991,13.614619557893754,1.1531937896974673,14.05805078144586,1.9854567475872391,0.6459572519283712,2.2748514878124735,9.06357401598928,0.5264039985057672,0.0,0.70766878687824,0.23652635283316276
