PV (%),Wind (%),CSP (%),Other renewables (%),Hydraulic (%),Pumped hydropower (%),Batteries (%),Cogeneration (%),Combined cycle (%),Fuel & Gas (%),Nuclear (%),No renewable residues (%),Renewable residues (%)
9.156092138604352,55.49546931028898,3.2985197154662247,1.1356844136145194,8.370899076719914,0.9341385022783542,0.27585729587169777,2.3955178408190085,17.387798335062413,0.48627224553514126,0.0,0.7842320792543236,0.27951904648506387
