PV (%),Wind (%),CSP (%),Other renewables (%),Hydraulic (%),Pumped hydropower (%),Batteries (%),Cogeneration (%),Combined cycle (%),Fuel & Gas (%),Nuclear (%),No renewable residues (%),Renewable residues (%)
18.6457055106612,34.268788463440686,27.3358148196188,1.1277178936787342,7.4780783899200785,2.1842551805886052,0.1886551655950349,2.099652279252279,5.055895120204623,0.5908413611880124,0.0,0.7412006998825525,0.28339511596940115
