PV (%),Wind (%),CSP (%),Other renewables (%),Hydraulic (%),Pumped hydropower (%),Batteries (%),Cogeneration (%),Combined cycle (%),Fuel & Gas (%),Nuclear (%),No renewable residues (%),Renewable residues (%)
12.352612388415993,58.63081285074073,2.6628132787596606,0.9809461542329578,7.269994294664449,0.8053652387419856,0.3244843617099055,2.0564590261939713,13.417912284439621,0.4437964772734033,0.0,0.7879280094603914,0.26687563536695297
