PV (%),Wind (%),CSP (%),Other renewables (%),Hydraulic (%),Pumped hydropower (%),Batteries (%),Cogeneration (%),Combined cycle (%),Fuel & Gas (%),Nuclear (%),No renewable residues (%),Renewable residues (%)
9.95462636884758,59.415094380281154,8.425179975886365,1.1149067907877102,8.8329280448987,1.1885308363858538,0.39840083907061785,2.083563258023737,7.048538700529172,0.47337771763309733,0.0,0.7949538201982499,0.26989926745777615
