PV (%),Wind (%),CSP (%),Other renewables (%),Hydraulic (%),Pumped hydropower (%),Batteries (%),Cogeneration (%),Combined cycle (%),Fuel & Gas (%),Nuclear (%),No renewable residues (%),Renewable residues (%)
8.031595508416714,61.69923312342804,3.7708868718310056,0.9854704568902241,7.303524834912482,0.6230167746398642,0.2994825631006122,2.065943790466322,13.715334137000232,0.4458433476064478,0.0,0.7915620772138082,0.2681065144942527
