PV (%),Wind (%),CSP (%),Other renewables (%),Hydraulic (%),Pumped hydropower (%),Batteries (%),Cogeneration (%),Combined cycle (%),Fuel & Gas (%),Nuclear (%),No renewable residues (%),Renewable residues (%)
16.01257612861787,38.49858227315356,25.230586693376026,1.1484524163768959,7.615572338525103,1.2980895512282988,0.3418107848170429,2.1382570474185325,6.070933729608759,0.6017047284212858,0.0,0.7548286141169136,0.28860569433971267
