PV (%),Wind (%),CSP (%),Other renewables (%),Hydraulic (%),Pumped hydropower (%),Batteries (%),Cogeneration (%),Combined cycle (%),Fuel & Gas (%),Nuclear (%),No renewable residues (%),Renewable residues (%)
16.125659666345083,33.90197709802875,20.68727326688173,1.1502217873723353,14.021820479147543,1.0174153237082293,0.37075557989337593,2.2689887577392547,8.98907891965861,0.5250473540965666,0.0,0.7058449882254765,0.23591677890304336
