PV (%),Wind (%),CSP (%),Other renewables (%),Hydraulic (%),Pumped hydropower (%),Batteries (%),Cogeneration (%),Combined cycle (%),Fuel & Gas (%),Nuclear (%),No renewable residues (%),Renewable residues (%)
7.896264187185707,48.1747731494692,17.33189841498341,1.0336237970724975,12.485347449638537,0.19367989792473966,0.24515762099518798,2.1450084313088076,9.369221076286145,0.47326582637053305,0.0,0.5255451214482249,0.12621502731702894
