PV (%),Wind (%),CSP (%),Other renewables (%),Hydraulic (%),Pumped hydropower (%),Batteries (%),Cogeneration (%),Combined cycle (%),Fuel & Gas (%),Nuclear (%),No renewable residues (%),Renewable residues (%)
3.743585724604941,67.95181003925549,2.6726917943764503,1.0683023597731829,7.874239647809772,0.9260719213618399,0.2934080602940686,2.2533877647231177,11.758444793032664,0.45742090070958996,0.0,0.737702279641916,0.26293471441697536
