PV (%),Wind (%),CSP (%),Other renewables (%),Hydraulic (%),Pumped hydropower (%),Batteries (%),Cogeneration (%),Combined cycle (%),Fuel & Gas (%),Nuclear (%),No renewable residues (%),Renewable residues (%)
19.867211330128672,42.014049547052906,11.368012350643761,1.0314893207959859,12.459564686112062,1.4083593029748596,0.5541580266260038,2.140578899381898,8.033873786736736,0.47228851268857963,0.0,0.5244598488401979,0.12595438801836875
