PV (%),Wind (%),CSP (%),Other renewables (%),Hydraulic (%),Pumped hydropower (%),Batteries (%),Cogeneration (%),Combined cycle (%),Fuel & Gas (%),Nuclear (%),No renewable residues (%),Renewable residues (%)
9.516643004720587,61.27021477947213,1.8167978896412238,1.0871768213763968,8.013359469578813,1.2118180021566938,0.47412976549084723,2.293199977486037,12.832841844002024,0.46550248280848533,0.0,0.7507357932575378,0.2675801700092188
