PV (%),Wind (%),CSP (%),Other renewables (%),Hydraulic (%),Pumped hydropower (%),Batteries (%),Cogeneration (%),Combined cycle (%),Fuel & Gas (%),Nuclear (%),No renewable residues (%),Renewable residues (%)
10.121422361002528,52.31332682190161,4.766000174971836,1.148353623452142,9.512251181720595,1.0126426308151975,0.33998918462101196,2.4220724565125353,16.781588984651254,0.500686758621927,0.0,0.7719731705173074,0.30969265121206924
