PV (%),Wind (%),CSP (%),Other renewables (%),Hydraulic (%),Pumped hydropower (%),Batteries (%),Cogeneration (%),Combined cycle (%),Fuel & Gas (%),Nuclear (%),No renewable residues (%),Renewable residues (%)
8.345284447939228,40.71886626937202,20.892805642023518,1.1649297048676837,14.20111788161896,0.10628316601946487,0.16587860371403176,2.298002379123475,10.621266655693088,0.5317611489924579,0.0,0.7148706474203366,0.23893345321574364
