PV (%),Wind (%),CSP (%),Other renewables (%),Hydraulic (%),Pumped hydropower (%),Batteries (%),Cogeneration (%),Combined cycle (%),Fuel & Gas (%),Nuclear (%),No renewable residues (%),Renewable residues (%)
6.1798984433229736,60.39810931478503,10.436001409822673,0.7871494902455747,15.612270953700433,0.6716245327800722,0.4098094295705174,1.9490923618374214,2.2898079677858427,0.419342227039811,0.0,0.5900486541461337,0.25684521496351603
