PV (%),Wind (%),CSP (%),Other renewables (%),Hydraulic (%),Pumped hydropower (%),Batteries (%),Cogeneration (%),Combined cycle (%),Fuel & Gas (%),Nuclear (%),No renewable residues (%),Renewable residues (%)
10.191016532170318,62.724969948852355,2.389784682477097,0.9537498532659596,7.068436898253983,0.6150339585094975,0.38645697750071345,1.999444603576245,12.214054452992759,0.4314924150046045,0.0,0.7660830517191904,0.2594766256772989
