PV (%),Wind (%),CSP (%),Other renewables (%),Hydraulic (%),Pumped hydropower (%),Batteries (%),Cogeneration (%),Combined cycle (%),Fuel & Gas (%),Nuclear (%),No renewable residues (%),Renewable residues (%)
20.20469985665289,35.06339766822536,12.357227188278333,1.2650142005283123,7.609105671276167,0.7901193447852476,0.15787733554421116,2.3807568721475696,18.475055735572578,0.5943236012440322,0.0,0.7966057791834905,0.30581674656181207
