PV (%),Wind (%),CSP (%),Other renewables (%),Hydraulic (%),Pumped hydropower (%),Batteries (%),Cogeneration (%),Combined cycle (%),Fuel & Gas (%),Nuclear (%),No renewable residues (%),Renewable residues (%)
3.8521849464285465,69.18669467106398,3.5227683424645706,0.9312444505690682,6.901644716542988,0.45780263611358624,0.2830033848358145,1.9522641968694754,11.489722265604515,0.4213105937156372,0.0,0.7480059767721644,0.25335381901966086
