PV (%),Wind (%),CSP (%),Other renewables (%),Hydraulic (%),Pumped hydropower (%),Batteries (%),Cogeneration (%),Combined cycle (%),Fuel & Gas (%),Nuclear (%),No renewable residues (%),Renewable residues (%)
11.83351468147908,54.85865723853546,9.480699628600146,1.1327790314759238,8.97452213805923,1.3860987217879526,0.44550768467070706,2.1169633093501883,8.208368527962413,0.4809660833833844,0.0,0.8076971330276211,0.2742258216678997
