PV (%),Wind (%),CSP (%),Other renewables (%),Hydraulic (%),Pumped hydropower (%),Batteries (%),Cogeneration (%),Combined cycle (%),Fuel & Gas (%),Nuclear (%),No renewable residues (%),Renewable residues (%)
4.219416523153105,63.777355811164696,4.112938458849008,1.073021611702648,8.888247387809653,0.741739927853148,0.34209610577187616,2.263184473729302,13.103449468247671,0.467841701130022,0.0,0.7213317210856572,0.2893768095032179
