PV (%),Wind (%),CSP (%),Other renewables (%),Hydraulic (%),Pumped hydropower (%),Batteries (%),Cogeneration (%),Combined cycle (%),Fuel & Gas (%),Nuclear (%),No renewable residues (%),Renewable residues (%)
9.64123191776548,57.70505310354202,4.29269593979841,1.0156354124073927,7.527083542556433,0.6976128161993264,0.3086496325335938,2.12918171110074,15.131260715250832,0.45949047893762296,0.0,0.8157915553085453,0.2763131745996233
