PV (%),Wind (%),CSP (%),Other renewables (%),Hydraulic (%),Pumped hydropower (%),Batteries (%),Cogeneration (%),Combined cycle (%),Fuel & Gas (%),Nuclear (%),No renewable residues (%),Renewable residues (%)
10.881821589568549,57.47824368274098,2.7301528886740605,1.0940563875932652,9.062486461677207,0.9991974342531357,0.5337904946820131,2.3075503818198952,13.405165967902688,0.47701294728967725,0.0,0.7354722108300843,0.2950495529684528
