PV (%),Wind (%),CSP (%),Other renewables (%),Hydraulic (%),Pumped hydropower (%),Batteries (%),Cogeneration (%),Combined cycle (%),Fuel & Gas (%),Nuclear (%),No renewable residues (%),Renewable residues (%)
8.204846875086922,45.90354399251245,25.21375322874685,1.1500775528977922,7.626348879684649,0.6021470142853639,0.2725707279701355,2.141282823296811,7.237961887531364,0.6025561806146977,0.0,0.7558967467886084,0.2890140905843649
