PV (%),Wind (%),CSP (%),Other renewables (%),Hydraulic (%),Pumped hydropower (%),Batteries (%),Cogeneration (%),Combined cycle (%),Fuel & Gas (%),Nuclear (%),No renewable residues (%),Renewable residues (%)
7.641475992504422,59.93960843068828,2.8848547482488565,1.1139770668501654,8.21089863398297,0.968739362345007,0.263545269817792,2.3497301767219425,15.1067739235197,0.47697769140621993,0.0,0.7692423536896983,0.27417635022494563
