PV (%),Wind (%),CSP (%),Other renewables (%),Hydraulic (%),Pumped hydropower (%),Batteries (%),Cogeneration (%),Combined cycle (%),Fuel & Gas (%),Nuclear (%),No renewable residues (%),Renewable residues (%)
14.498441451459012,48.08498994561406,12.19743397327286,0.8233552773564587,16.330374141813746,1.7990187804174593,0.7181063116293106,2.03874296059487,2.1850591710513747,0.4386303236300416,0.0,0.6171885763868427,0.26865908677396105
