PV (%),Wind (%),CSP (%),Other renewables (%),Hydraulic (%),Pumped hydropower (%),Batteries (%),Cogeneration (%),Combined cycle (%),Fuel & Gas (%),Nuclear (%),No renewable residues (%),Renewable residues (%)
5.506940536528087,63.567946320376464,10.62128889900249,1.0692301588263942,5.252712093852531,0.9298312300621812,0.4226061154691449,2.2651588485440133,8.809947188134721,0.5053431841648729,0.0,0.7667933050774882,0.2822021199616015
