PV (%),Wind (%),CSP (%),Other renewables (%),Hydraulic (%),Pumped hydropower (%),Batteries (%),Cogeneration (%),Combined cycle (%),Fuel & Gas (%),Nuclear (%),No renewable residues (%),Renewable residues (%)
15.673113311616461,33.76863899541119,18.993382959295438,1.2704999400333488,7.642102590647889,0.3908044452815546,0.05949239544795641,2.3910810345324442,18.10678025388895,0.5969008880893169,0.0,0.800060263560806,0.30714292219463524
