PV (%),Wind (%),CSP (%),Other renewables (%),Hydraulic (%),Pumped hydropower (%),Batteries (%),Cogeneration (%),Combined cycle (%),Fuel & Gas (%),Nuclear (%),No renewable residues (%),Renewable residues (%)
10.195434877482286,66.51156616502988,6.2723616008026335,0.7357241692575421,11.93358667560635,0.6196822148406912,0.1450463476687809,1.5847231341527035,0.8158019276139816,0.36237077902885173,0.0,0.6144589363049876,0.20924317221132205
