PV (%),Wind (%),CSP (%),Other renewables (%),Hydraulic (%),Pumped hydropower (%),Batteries (%),Cogeneration (%),Combined cycle (%),Fuel & Gas (%),Nuclear (%),No renewable residues (%),Renewable residues (%)
21.989360138733886,30.97737284338322,20.393924772361625,1.1805295650991376,11.017713107943313,3.3279701962306407,1.1276943499533412,2.2199881035287365,6.116334440816045,0.5877104303059095,0.0,0.7759232868791622,0.28547876476496203
