PV (%),Wind (%),CSP (%),Other renewables (%),Hydraulic (%),Pumped hydropower (%),Batteries (%),Cogeneration (%),Combined cycle (%),Fuel & Gas (%),Nuclear (%),No renewable residues (%),Renewable residues (%)
8.403371837158975,36.06372228932957,31.210168558537838,1.193163012310397,11.13561925875311,1.6414841686581145,0.9906512827876659,2.243745325155963,5.451313794065184,0.593999818489214,0.0,0.7842268365526102,0.288533818201333
