PV (%),Wind (%),CSP (%),Other renewables (%),Hydraulic (%),Pumped hydropower (%),Batteries (%),Cogeneration (%),Combined cycle (%),Fuel & Gas (%),Nuclear (%),No renewable residues (%),Renewable residues (%)
4.904644978881359,67.30027290386161,7.988261537616797,1.0636870685897424,8.427136166696306,0.8657719528626862,0.3453286603225747,1.9878426721059954,5.649490824528846,0.4516303613588167,0.0,0.7584329969624352,0.25749987621283166
