PV (%),Wind (%),CSP (%),Other renewables (%),Hydraulic (%),Pumped hydropower (%),Batteries (%),Cogeneration (%),Combined cycle (%),Fuel & Gas (%),Nuclear (%),No renewable residues (%),Renewable residues (%)
18.56341389015159,30.115333271955745,22.356192748135797,1.128632495755565,13.758635435492717,1.975615899062912,0.5715902206990585,2.2264005712661796,7.864907879922969,0.5151923847639998,0.0,0.6925965056681704,0.2314886971252999
