PV (%),Wind (%),CSP (%),Other renewables (%),Hydraulic (%),Pumped hydropower (%),Batteries (%),Cogeneration (%),Combined cycle (%),Fuel & Gas (%),Nuclear (%),No renewable residues (%),Renewable residues (%)
15.623434275768824,53.260102877752175,6.9678627113928515,0.7878962392282086,15.627081923656906,1.5546650721667816,0.6627354747347397,1.9509414168851578,2.2978426658329325,0.4197400464950707,0.0,0.5906084185081111,0.2570888775782356
