PV (%),Wind (%),CSP (%),Other renewables (%),Hydraulic (%),Pumped hydropower (%),Batteries (%),Cogeneration (%),Combined cycle (%),Fuel & Gas (%),Nuclear (%),No renewable residues (%),Renewable residues (%)
10.43880744098521,70.82703396387481,3.459760746252729,0.6726495967303658,10.910505051090096,0.31882139588986635,0.0851537241853492,1.4488627962199705,0.7540159404536517,0.33130426940657,0.0,0.5617805870507392,0.1913044878606663
