PV (%),Wind (%),CSP (%),Other renewables (%),Hydraulic (%),Pumped hydropower (%),Batteries (%),Cogeneration (%),Combined cycle (%),Fuel & Gas (%),Nuclear (%),No renewable residues (%),Renewable residues (%)
7.94671480949196,40.00543461841068,19.016539646658792,1.2669341486911074,7.620654228160332,-0.022511353895916488,0.0593254238000774,2.384370214812681,20.023216936849284,0.595225623138994,0.0,0.7978148105141873,0.3062808933678069
