PV (%),Wind (%),CSP (%),Other renewables (%),Hydraulic (%),Pumped hydropower (%),Batteries (%),Cogeneration (%),Combined cycle (%),Fuel & Gas (%),Nuclear (%),No renewable residues (%),Renewable residues (%)
17.974309427593386,36.77672711205372,19.174984972811703,1.035364167643812,12.506369731957822,1.4980499894108816,0.4205073868864038,2.1486201027502396,7.338146864192589,0.4740626906832133,0.0,0.5264300113529049,0.12642754266334968
