PV (%),Wind (%),CSP (%),Other renewables (%),Hydraulic (%),Pumped hydropower (%),Batteries (%),Cogeneration (%),Combined cycle (%),Fuel & Gas (%),Nuclear (%),No renewable residues (%),Renewable residues (%)
18.330181275018678,30.669608500673476,20.80753458793651,1.2691992973777437,7.634279178544739,0.5248163716462003,0.15257827658079184,2.388633224903709,16.520809747556534,0.5962898256785644,0.0,0.7992412218016898,0.30682849228135
