PV (%),Wind (%),CSP (%),Other renewables (%),Hydraulic (%),Pumped hydropower (%),Batteries (%),Cogeneration (%),Combined cycle (%),Fuel & Gas (%),Nuclear (%),No renewable residues (%),Renewable residues (%)
20.7726744778482,39.95896176550219,16.416091347283338,1.1492621433482533,7.620941768060792,1.9692361599453339,0.5973803530805257,2.1397646452765717,7.729388382321512,0.6021289658911612,0.0,0.7553608129950622,0.2888091784470747
