PV (%),Wind (%),CSP (%),Other renewables (%),Hydraulic (%),Pumped hydropower (%),Batteries (%),Cogeneration (%),Combined cycle (%),Fuel & Gas (%),Nuclear (%),No renewable residues (%),Renewable residues (%)
11.239844716087136,55.8515888088017,11.269353896346706,1.11376671565442,5.471502883410782,1.1588537199287758,0.5049023784486203,2.359509325800862,9.411596206667049,0.5263922027072583,0.0,0.7987324842383317,0.2939566619083554
