PV (%),Wind (%),CSP (%),Other renewables (%),Hydraulic (%),Pumped hydropower (%),Batteries (%),Cogeneration (%),Combined cycle (%),Fuel & Gas (%),Nuclear (%),No renewable residues (%),Renewable residues (%)
12.283866485453988,52.38647598382135,10.901296847615447,0.8132539026570389,16.13002414379368,1.3637961557228453,0.5446443977910624,2.013730542350713,2.2546829773001713,0.4332489659399073,0.0,0.6096165679941815,0.2653630295596064
