PV (%),Wind (%),CSP (%),Other renewables (%),Hydraulic (%),Pumped hydropower (%),Batteries (%),Cogeneration (%),Combined cycle (%),Fuel & Gas (%),Nuclear (%),No renewable residues (%),Renewable residues (%)
8.282647264945462,70.30857516591425,5.439591438373713,0.7025720366770885,11.395852747374413,0.3678393563108165,0.08332976850321575,1.5133146448818395,0.7736497810735893,0.3460421539657794,0.0,0.5867710813005984,0.19981456067922465
