PV (%),Wind (%),CSP (%),Other renewables (%),Hydraulic (%),Pumped hydropower (%),Batteries (%),Cogeneration (%),Combined cycle (%),Fuel & Gas (%),Nuclear (%),No renewable residues (%),Renewable residues (%)
3.8500412602828074,76.7196423507193,4.934493548815233,0.6463366089672905,10.483703359252639,0.18795289101975196,0.042297760110580986,1.3921855764422069,0.701376895187059,0.3183441706729582,0.0,0.539804619497272,0.18382095903292675
