PV (%),Wind (%),CSP (%),Other renewables (%),Hydraulic (%),Pumped hydropower (%),Batteries (%),Cogeneration (%),Combined cycle (%),Fuel & Gas (%),Nuclear (%),No renewable residues (%),Renewable residues (%)
19.242320790897054,25.90207735666777,32.56272322342347,1.1251988870158054,10.501319825460019,3.642647244376336,0.6670558544764941,2.1159386576388655,2.668898542719938,0.5601648121470435,0.0,0.7395562505313121,0.27209855464586097
