PV (%),Wind (%),CSP (%),Other renewables (%),Hydraulic (%),Pumped hydropower (%),Batteries (%),Cogeneration (%),Combined cycle (%),Fuel & Gas (%),Nuclear (%),No renewable residues (%),Renewable residues (%)
14.334381552136616,56.75650096022772,7.244070351836519,1.0801853338994476,5.306530610026505,1.3682738088554838,0.5976713402922171,2.28836733321799,9.453754575339552,0.510520856164489,0.0,0.774649756593212,0.2850935214102471
