PV (%),Wind (%),CSP (%),Other renewables (%),Hydraulic (%),Pumped hydropower (%),Batteries (%),Cogeneration (%),Combined cycle (%),Fuel & Gas (%),Nuclear (%),No renewable residues (%),Renewable residues (%)
12.488680294867054,60.39780594259048,5.351426877265522,1.0814048102014242,8.567506229976233,1.4586054818122145,0.5469352460844004,2.020953992031831,6.594672819378397,0.4591531284233397,0.0,0.7710661484472697,0.26178902892184014
