PV (%),Wind (%),CSP (%),Other renewables (%),Hydraulic (%),Pumped hydropower (%),Batteries (%),Cogeneration (%),Combined cycle (%),Fuel & Gas (%),Nuclear (%),No renewable residues (%),Renewable residues (%)
15.433165600685568,40.744650821892755,17.56393473334387,1.0408823494676862,12.573024947865663,0.9181878389825591,0.3217160157012121,2.160071606257831,8.11143969273012,0.4765893032557328,0.0,0.5292357261061982,0.12710136371082675
