PV (%),Wind (%),CSP (%),Other renewables (%),Hydraulic (%),Pumped hydropower (%),Batteries (%),Cogeneration (%),Combined cycle (%),Fuel & Gas (%),Nuclear (%),No renewable residues (%),Renewable residues (%)
13.354854503412106,51.50943897650788,12.659202278692227,1.1309067286431784,5.555705103832306,1.4340550792748377,0.4779156634041703,2.39582035927214,9.838103541626822,0.5344929737796656,0.0,0.8110243627457121,0.29848042880893194
