PV (%),Wind (%),CSP (%),Other renewables (%),Hydraulic (%),Pumped hydropower (%),Batteries (%),Cogeneration (%),Combined cycle (%),Fuel & Gas (%),Nuclear (%),No renewable residues (%),Renewable residues (%)
16.584715017432032,29.869663112835468,30.654027131240163,1.1699794360916305,10.91925026711921,2.352938246131504,0.9189711600894535,2.2001485657655353,3.6959323312046943,0.5824581934775466,0.0,0.7689890337960411,0.2829275048167021
