PV (%),Wind (%),CSP (%),Other renewables (%),Hydraulic (%),Pumped hydropower (%),Batteries (%),Cogeneration (%),Combined cycle (%),Fuel & Gas (%),Nuclear (%),No renewable residues (%),Renewable residues (%)
8.565825309457123,56.377311435881644,4.269629598064903,1.1235929834606038,9.307149354017358,0.8822106631563467,0.33685304374780295,2.36984806943842,15.219345427139224,0.4898910208582411,0.0,0.755327993136455,0.30301510164189827
