month (MWh),Import & export (MWh)
1,0.05263766454482816
2,0.04679330857739999
3,0
4,0
5,0
6,0
7,0
8,0
9,0
10,0
11,0
12,0.11608416859639496
