month (MWh),Import & export (MWh)
1,0.01896021734264894
2,0.012347732151361528
3,0
4,0.0034606507129534077
5,0
6,0
7,0
8,0
9,0.00029033696782920017
10,0
11,0
12,0
